4.2127,3.5132,9.3095,2.7692,31.0969,3.3336,81.6593,2.3287,2731.681,4.3786,110.6482,2.2673
4.5014,2.3404,10.6037,2.1935,89.9711,2.6366,90.7411,2.3851,89.4102,2.3716,91.6691,2.3549
5.9938,2.4062,41.7184,2.2216,83.7274,2.5882,88.9686,2.3837,92.2119,2.5351,89.1917,2.389
58.8974,3.1386,90.8517,2.387,90.1397,2.4219,91.5764,2.4571,92.0011,2.4089,91.076,2.4174
4.2106,2.391,12.4176,3.0315,62.9837,2.4404,78.2265,2.2974,90.6473,2.4528,92.9959,2.3454
4.5067,2.3189,9.772,2.338,55.6026,2.3855,62.7076,2.4037,90.4034,2.3296,96.8491,2.405
89.1512,2.4071,90.2685,2.3111,104.9165,2.3222,87.2341,2.4087,88.3075,2.3621,90.6063,2.3955
7.1136,2.4933,58.3804,2.388,92.8754,2.4459,92.592,2.2926,95.7829,2.3595,91.9887,2.3569
90.2108,2.3436,89.0394,2.6929,89.5967,2.4126,89.1288,2.3357,88.7972,2.3293,93.7003,2.3578
4.6338,2.3837,9.8804,2.656,89.5813,2.3929,90.4605,2.4344,91.6589,2.4067,88.4115,2.3839
89.4976,2.5086,87.4534,2.3832,90.1842,2.4768,86.1898,2.4036,88.828,2.4575,88.6978,2.2808
89.0431,2.5026,98.8289,2.4366,98.4386,2.3964,101.0306,2.3337,92.3112,2.2837,89.6147,2.4056
5.1451,2.3801,12.6669,2.3322,92.227,2.4636,90.6231,2.3821,92.063,2.5368,91.1193,2.389
4.3063,2.4231,9.5423,2.3231,52.0453,2.3129,54.7122,2.4728,57.0684,2.3468,58.7431,2.447
84.7076,2.4445,88.8702,2.2853,91.6324,2.4147,97.1495,2.3828,95.8886,2.415,89.158,2.379
5.0262,2.3385,29.6272,2.3392,59.3023,2.5147,88.6882,2.4258,87.4843,2.2976,88.5454,2.3929
89.8916,2.5205,90.847,2.3453,92.9435,2.3974,90.7875,2.4079,94.5939,2.3963,95.2965,2.6663
92.5435,2.3956,92.51,2.367,95.8135,2.4061,93.6723,2.494,90.9463,2.3925,92.6811,2.3694
8.0525,2.367,53.7217,2.5385,90.4469,2.3983,94.2339,2.5823,89.6757,2.4674,91.6324,2.454
82.5979,2.471,88.3115,3.0127,104.8474,2.3629,109.1786,2.6058,112.9054,2.3639,98.5195,2.4043
40.5409,3.8801,125.9496,2.4877,88.7097,2.3518,88.2301,2.3912,87.3618,2.413,93.4728,2.3078
9.4577,2.4127,87.9908,2.389,88.1436,2.7171,93.1696,2.2466,106.7587,2.5664,99.8818,2.4244
6.3812,2.3005,94.7135,2.4275,91.3606,2.4077,90.4422,2.4056,89.0038,2.518,90.9383,2.4655
4.0491,2.6566,6.3991,2.4091,21.286,2.6769,44.6382,2.5239,86.4146,2.4149,87.1009,3.3612
66.6284,2.4979,88.2889,2.4011,89.611,2.3401,88.1542,2.3863,91.7054,2.2954,91.0783,2.3405
13.7161,2.7198,73.247,2.4851,87.6157,2.4154,90.4463,2.4302,92.5282,2.434,88.2183,2.4507
69.8249,2.5243,101.332,2.564,92.4342,2.4209,89.7749,2.3657,92.5602,2.3686,93.0633,2.3102
4.5497,2.2702,35.207,2.4485,66.9922,2.4076,69.1545,2.4023,91.02,2.2899,90.1672,2.4879
74.3607,2.2951,81.9785,2.2738,91.2013,2.3529,87.1878,2.3909,91.2122,2.6328,90.8639,2.4543
7.5094,2.1777,53.4477,2.5744,59.735,2.4437,89.548,3.1644,88.955,2.4086,87.1323,2.4322
75.4954,2.4472,88.7536,2.5241,91.5297,2.3844,89.3457,2.396,91.2665,2.4609,89.7603,2.3417
48.6543,2.4241,90.6355,2.4777,96.0204,2.4354,90.6601,2.3324,88.2611,2.3986,87.1789,2.4135
4.9486,2.4115,8.9985,2.6466,91.7201,2.4095,88.5433,2.427,89.1487,2.496,87.7772,2.436
4.7191,2.3362,9.7085,2.2466,43.2777,2.8613,63.5354,2.3279,70.6871,2.4244,79.1779,2.3825
6.2391,2.4617,64.3751,2.4137,89.6892,2.4112,92.9655,2.3889,90.2381,2.5128,90.3335,2.4282
5.3873,2.3145,20.1152,2.6115,65.278,2.3703,89.2776,2.4411,87.8539,2.4282,87.8688,2.4103
14.2348,3.1548,89.422,2.4716,87.5935,2.3606,90.5964,2.3024,87.5115,2.3076,89.9246,2.4862
8.3621,2.3214,87.9787,2.3095,89.2951,2.3728,87.4924,2.5366,90.2809,2.4703,89.8374,2.2687
7.6684,2.7387,76.1618,2.4517,86.8547,2.455,86.3368,2.4926,90.299,2.4631,87.8859,2.3713
6.8649,2.2892,76.1292,2.3912,87.9315,2.2458,90.8221,2.4252,88.7805,2.4262,86.7581,2.4979
5.9551,2.3266,40.5165,2.4008,69.1344,2.3996,72.4274,2.4089,88.1206,2.4105,88.2254,2.4013
31.5102,2.2756,71.7999,2.4012,91.9601,2.4658,92.5298,2.291,94.7804,2.3983,93.8621,2.321
8.8445,2.7296,88.8183,2.4131,90.1353,2.3844,86.9214,2.2951,96.5931,2.8024,88.8167,2.417
5.0287,2.4094,84.7068,2.315,90.6865,2.3984,91.0736,2.4413,88.7762,2.4637,88.2858,2.339
90.0723,2.2743,90.3393,2.2968,92.2262,2.4947,90.3976,2.4204,89.139,2.3747,89.8829,2.3947
6.4352,2.3833,88.4594,2.3227,88.4692,2.4427,89.8106,4.3095,101.0731,2.399,88.3804,2.4924
4.3146,2.3087,90.5843,2.4309,92.4975,2.4697,91.7093,2.2769,91.1963,2.4578,90.2291,2.3947
88.3099,2.2795,88.0338,2.364,87.8714,2.4813,89.4328,2.2976,88.3627,2.3983,89.1757,2.8021
58.5639,2.4104,88.3521,2.391,87.7303,2.45,86.0143,2.3945,89.267,2.3734,95.6854,2.2852
20.877,2.5633,66.5824,2.5875,73.7719,2.4175,90.4544,2.3145,91.251,2.4605,89.3378,2.5095
86.6592,2.43,87.3916,2.4946,87.6307,2.411,107.5454,2.4285,87.2508,2.2867,88.6906,2.3952
35.3421,2.5293,51.4636,2.4094,90.7897,2.6769,94.683,2.3722,133.959,2.4151,87.2025,2.4633
5.8357,2.356,89.0896,2.5342,90.7369,2.4385,88.5104,2.4722,90.3381,2.4123,92.4594,2.2659
4.9427,2.3642,9.4937,2.4344,90.0856,2.3719,90.4962,2.404,88.3777,2.2699,90.6408,2.3661
76.3061,2.4575,87.8557,2.3047,88.986,2.3963,86.497,2.3082,86.0131,2.4314,86.4882,2.5025
7.1289,2.4773,92.3407,2.356,93.2038,2.4514,104.4061,2.2435,96.6155,2.7928,100.9734,3.9509
7.927,2.322,108.7983,2.7299,113.0566,4.3517,108.1562,3.4196,100.5525,2.5509,102.8181,2.6658
5.0577,2.454,14.6364,2.5523,83.3369,3.8523,96.3111,4.1447,92.6293,2.8551,94.5522,2.3678
5.6289,2.353,48.581,2.1876,56.1548,2.7916,60.4665,2.5317,72.5047,2.1776,91.2146,2.6155
95.2415,2.3616,96.2188,2.3786,92.1189,2.5846,97.5192,2.4317,106.1341,2.9881,101.8138,2.3052
14.5825,2.5058,159.4953,2.6242,100.3819,2.2648,105.3807,3.1235,97.3358,2.4402,97.6031,2.5592
100.8751,2.3274,97.7029,2.3117,99.6095,2.2542,97.5952,2.7692,97.5526,2.4168,94.0077,2.4197
7.9685,2.7586,43.9333,2.241,57.7093,2.3816,88.7363,2.3137,95.0678,2.2299,100.159,2.2748
9.9723,2.4093,108.33,2.1939,100.8884,2.2429,104.1771,3.8891,104.9105,2.247,95.1175,2.4004
6.6679,2.364,111.2487,2.2398,91.1355,2.396,95.166,3.172,105.1474,2.4299,104.1911,2.3034
4.1705,2.4231,5.4831,1.9748,7.3615,2.2768,8.0384,2.7352,10.9451,2.3742,84.6337,2.3076
5.2378,2.3876,9.4995,2.9536,67.4023,2.277,72.3864,2.3711,87.006,2.1983,100.5939,2.1083
4.7272,2.3977,19.3389,2.941,90.9538,2.4275,103.831,3.625,93.1266,2.4245,90.9658,2.3906
112.703,2.3469,97.8387,2.3892,119.0749,2.4111,103.1657,3.3587,104.4732,2.4913,101.3999,2.4091
94.349,2.7696,108.1857,2.6241,109.2226,2.4613,92.5095,2.4967,106.1961,2.691,95.3346,2.1769
4.2693,2.9804,12.4616,2.46,43.7962,2.1561,95.2756,2.1933,107.6021,2.4501,94.2068,2.311
5.2859,2.3152,102.7396,2.4101,93.9308,2.4543,103.1969,2.4034,104.9735,2.3249,95.2102,2.18
68.3803,2.614,103.281,2.3064,99.8997,2.3766,90.6807,2.4237,98.956,2.2979,105.5735,2.2439
55.3662,2.2332,65.8474,2.2709,96.4459,2.4097,108.5021,2.3912,101.484,2.9839,97.0888,2.2257
5.4133,3.1194,83.1137,2.3778,103.2063,2.5094,94.2808,2.2119,105.8172,2.2831,90.2687,2.4804
80.1065,2.4924,104.3186,2.4647,99.748,2.4301,102.1546,2.4209,92.381,2.4956,98.5603,2.4528
101.5335,2.3044,91.424,2.4789,97.7419,2.4209,100.8289,2.3992,98.9064,2.311,100.696,2.4375
79.0118,2.4774,100.6483,2.4392,88.3867,2.3964,101.5832,2.312,101.6548,2.7833,88.5528,2.3758
5.3701,2.2289,14.2718,2.8647,91.7796,2.411,100.4423,2.3621,102.2967,2.5401,103.3253,2.413
6.3477,3.9223,79.9649,2.4219,87.835,2.4006,99.711,2.3223,100.6506,2.3821,88.6978,2.465
102.0458,2.2821,100.6407,2.3929,87.9186,2.8225,95.7606,2.4615,89.4003,2.452,89.0071,3.1077
4.6196,2.4053,13.5362,2.2301,68.7949,2.4641,104.7582,2.3191,100.941,2.3594,103.0004,2.3687
5.5354,3.0647,101.1174,2.4097,93.2501,2.3959,99.4734,2.2845,100.9679,2.1984,88.1973,2.9477
7.328,2.9921,65.927,2.513,88.6274,2.3744,95.1618,2.2792,102.2799,2.4129,98.4817,2.3338
5.8532,2.5446,9.6997,2.8684,69.346,2.4491,104.0123,2.4139,101.3549,2.4724,89.4771,2.2734
11.9847,2.3818,76.3914,2.4127,100.4623,2.4059,91.322,2.7227,100.3965,2.4371,94.171,2.3325
5.5898,2.1509,67.8487,2.4285,93.7828,2.3838,100.544,2.2663,96.5847,2.3649,104.9013,2.4602
39.7947,3.445,104.2865,2.4072,104.4753,2.5356,88.73,2.3807,104.815,2.4844,92.9071,2.361
9.6152,2.4152,101.9894,2.4002,102.7461,2.4228,91.0502,2.4754,101.5757,2.3332,98.856,2.4171
18.6604,2.856,94.3858,2.3587,106.6636,2.3855,106.3802,2.4496,102.7838,2.3893,92.8115,3.7626
89.1254,2.4221,103.5399,2.3293,98.9655,2.4087,96.1314,2.4053,91.3952,2.4405,89.1318,2.3054
102.0399,2.4084,99.7012,2.3151,90.216,2.4883,89.5498,2.3899,88.498,2.3834,99.3146,2.34
6.0455,2.3405,40.786,2.2081,106.6772,2.3679,95.1421,2.4022,108.0632,2.2683,96.6924,2.2752
7.5523,2.4187,99.3794,2.3411,90.1588,2.2782,101.1447,2.4001,101.5998,2.2868,89.2819,2.4235
4.1921,2.3085,7.5334,2.5658,48.5009,2.6562,68.7423,2.3768,87.7953,2.4063,101.6426,2.3722
5.762,2.8369,20.2914,2.2846,101.7564,2.4595,90.9698,2.3482,100.1587,2.2869,104.0693,2.2765
9.7209,3.1576,83.2506,2.4789,92.7771,2.431,99.3784,2.2823,98.0801,2.4137,92.5798,2.297
5.3803,2.3821,87.7594,2.4194,91.3924,2.2877,92.1273,2.4684,93.1738,2.337,92.2746,2.4118
13.915,3.3422,62.2732,2.4495,95.4946,2.4127,93.6778,2.3939,93.2601,2.4203,93.2378,2.3993
8.7875,2.8243,89.7966,2.4301,88.9968,2.269,89.573,2.3963,90.6999,2.9529,89.0905,2.4163
5.0994,2.3306,13.4853,2.8058,90.3109,2.3966,90.8207,2.4343,91.7868,2.3965,92.5671,2.4333
90.9821,2.2722,92.7061,2.3169,89.1999,2.4061,92.645,2.4233,90.8797,2.4448,93.6814,2.343
66.6157,2.5592,86.7373,2.4041,87.8128,2.3391,87.914,2.419,95.8093,2.4053,89.5834,2.4382
9.5129,2.3376,78.86,2.354,86.9875,2.364,88.6258,2.5067,88.536,2.4098,94.7525,2.293
7.4225,2.3931,55.2026,2.5465,65.2622,2.4091,89.7083,2.4366,87.3463,2.3512,90.6288,2.4026
7.516,2.3055,53.7476,2.4973,92.2703,2.3503,92.0061,2.5158,95.7725,2.502,90.6948,2.3964
5.559,2.3662,51.0719,2.5245,81.7812,2.3979,88.1822,2.4185,89.4273,2.4551,88.785,2.3566
5.4821,3.0043,66.2841,2.3978,89.2686,2.4266,89.5909,2.7652,89.8853,2.4062,90.3424,2.3515
86.2686,2.3234,87.9695,2.4078,88.1107,2.5148,88.1433,2.3566,88.5331,2.5044,110.7235,2.3981
6.1537,2.3785,71.5225,2.4332,90.3,2.2986,91.7608,2.9609,90.2332,2.3466,91.2465,2.4671
4.7059,2.2661,62.3376,2.415,89.8089,2.4226,90.0141,2.4391,89.188,2.2944,91.2412,2.6267
90.0295,2.3781,92.0822,2.4646,89.4906,2.3052,91.5784,2.4076,91.1471,2.5448,91.9484,2.7335
14.5612,2.5064,90.1265,2.4404,91.6225,3.013,91.2362,2.3566,90.7448,2.3486,89.9872,2.8627
5.8056,3.0636,64.8075,2.3337,77.1786,3.3321,91.9813,2.4056,91.5873,2.4739,90.1487,2.7734
57.7183,2.451,98.5408,2.421,89.593,2.4639,88.0347,2.3201,91.0145,2.3887,91.4909,2.4154
53.0854,2.4777,62.9548,2.4627,89.2389,2.4104,90.1934,2.3939,91.2468,2.4256,90.371,2.4123
8.9991,2.3552,90.2828,2.4094,90.192,2.2968,93.3471,2.4017,90.2371,2.389,91.3859,2.3968
8.1175,2.6435,91.8547,2.4342,92.4131,2.394,91.5854,2.4827,97.8083,2.4729,92.9279,2.3119
12.1894,2.4738,89.1432,2.4095,91.334,2.2964,89.1966,2.3667,89.2178,2.4005,90.1184,2.3798
4.2934,2.2699,8.5176,2.3754,92.4463,2.3753,93.7289,2.4009,93.4526,2.3609,92.0967,2.3462
5.146,2.9106,9.4137,2.2985,45.429,2.2355,51.5566,2.5778,91.7028,2.3986,97.8424,2.3332
10.4992,3.1058,92.7876,2.4273,91.3129,2.4004,92.5224,2.3972,90.9625,2.4046,92.1322,2.3744
55.3767,2.4776,88.7995,2.4396,89.221,2.4056,87.6623,2.4002,88.8888,2.3733,88.0629,2.454
7.8743,2.1067,81.1033,2.3229,90.6825,2.4316,89.3333,2.4304,92.8404,2.3664,92.2862,2.444
135.3594,4.4189,190.3206,4.4488,193.2348,5.4414,180.6437,4.4037,191.7739,4.4094,190.4547,5.2389
192.537,4.3889,189.3928,4.9499,190.2787,4.4122,187.0672,4.3794,200.1656,4.4844,189.9689,4.4242
29.4773,2.3629,89.3341,2.2946,90.0961,2.3265,88.5355,2.3938,89.7387,2.4078,88.7456,2.5005
5.1725,3.3226,38.6721,2.2847,92.9741,2.4236,96.9214,2.368,89.9195,2.4436,89.442,2.3278
6.8836,2.3795,89.0354,2.4178,90.7254,2.2713,90.5001,2.4472,94.7111,2.4304,90.9834,2.4367
9.2552,2.2686,93.618,2.4398,93.7171,2.571,91.1589,2.3801,91.3061,2.388,90.3233,2.3558
67.943,2.4263,88.6271,2.3999,89.9214,2.3788,87.9211,2.436,89.0479,2.3423,88.9646,2.4051
66.3121,2.5543,90.5974,2.2653,90.2544,2.4243,91.8093,2.4145,91.3523,2.6432,93.0683,2.5802
4.1008,2.3172,8.2045,2.3902,30.0874,2.3684,62.4251,2.5896,88.7071,2.4628,87.4197,2.3967
88.3307,2.414,87.9326,2.4068,89.0537,2.2648,87.5919,2.8807,92.4678,2.3487,88.1955,2.4481
54.3755,2.4714,63.8798,2.2696,91.7862,2.6412,89.4685,2.4673,89.958,2.3684,92.7063,2.4091
9.2306,2.4916,63.0031,2.5382,94.1605,2.3984,92.0065,2.3689,90.6396,2.377,87.9692,2.308
6.304,2.2787,90.3713,2.2968,89.8665,2.4234,90.6792,2.4187,88.8413,2.3601,90.7861,2.3154
90.8018,2.4208,91.1462,2.293,91.9918,2.4048,89.9602,2.4185,93.1596,2.4656,90.2786,2.9108
91.5864,2.373,93.9897,2.4236,91.2233,2.4796,89.0906,2.9171,90.4719,2.4508,89.0415,2.3707
4.1723,3.0086,6.6905,2.2218,8.7738,2.8945,55.278,2.5738,59.6459,2.5517,62.442,2.4727
68.8171,2.5133,90.9114,2.3977,89.2721,2.3645,88.4202,2.3571,91.5007,2.3982,91.0689,2.3182
78.1243,2.5085,89.4154,2.3916,94.1237,2.418,91.7785,2.4177,88.3751,2.3932,90.9063,2.3624
4.6901,2.33,6.3684,2.6544,10.0099,2.5038,90.581,2.3964,91.3617,2.3279,88.0668,2.4495
4.651,2.3317,13.3531,2.4199,89.3711,2.3932,88.3068,2.4058,88.731,2.3754,86.7026,2.2996
89.8573,2.425,89.3048,2.4538,94.1848,2.3757,88.3735,2.3195,92.511,2.1948,93.4353,5.1695
95.8735,4.0688,193.4993,3.0324,121.5583,3.2222,106.6096,2.4118,103.1697,2.291,93.871,2.3862
18.1169,2.4139,179.6189,5.1678,169.0956,7.3286,139.1505,2.52,107.1273,2.5905,94.2096,2.3636
97.5227,4.1474,97.258,2.1161,110.2774,2.7615,109.5613,2.5528,96.9824,4.2267,99.6751,2.5834
6.5835,2.3522,71.7791,2.5538,94.7602,2.3783,93.1257,3.6321,89.6277,3.2374,91.0218,2.4472
5.001,2.4999,13.5073,2.5399,68.2804,2.493,100.0759,2.4912,95.8661,2.4502,88.7653,2.4824
8.4723,2.2756,108.5159,2.542,126.5597,2.4992,91.1526,2.5135,95.0901,2.226,90.4046,2.964
7.3199,2.2437,92.1082,3.0521,89.6047,2.5079,88.6009,2.14,89.0388,2.5014,89.7804,2.5711
49.1852,2.2796,87.4387,2.4176,91.191,2.4149,86.4228,2.4187,86.8629,2.4055,87.356,2.4089
5.2489,3.3161,69.0825,2.4915,89.5448,2.3124,88.8999,2.4127,89.7543,3.3323,97.5278,2.4041
91.0224,2.7612,96.6268,2.4024,91.8279,2.4013,90.4367,2.2553,98.3369,2.4044,91.2291,2.3974
73.4956,2.4052,90.344,2.3757,88.8551,2.4704,89.3021,2.4157,89.4264,2.4405,88.0778,2.4697
89.6357,2.374,96.2181,2.456,90.2761,2.4028,89.6094,2.4437,90.0671,2.4736,91.232,2.2816
79.578,2.4135,89.94,2.4146,91.6409,2.3299,88.5689,2.3723,90.1769,2.467,88.778,2.4219
78.0635,2.8624,89.8882,2.4288,90.2754,2.3622,88.0964,2.5147,89.8222,2.3767,88.5365,2.3925
5.8039,2.2999,59.2321,2.4965,90.6937,2.4837,103.8674,2.4157,88.4163,2.3294,88.4738,2.3817
8.6332,2.3836,93.9352,2.4324,90.7789,2.4065,90.5071,2.4049,91.8558,2.3353,91.0486,2.4576
5.4694,2.3421,90.1512,2.3514,90.1175,2.408,89.8671,2.428,91.1804,2.3238,90.0734,2.2966
4.7459,2.2761,11.8786,2.6177,53.5868,2.5375,67.519,2.4928,87.8262,2.3582,88.5052,2.4393
5.1103,2.3489,7.2126,2.8608,44.3817,2.4386,102.9678,2.408,89.8222,2.2866,90.684,2.3971
23.2155,3.1719,92.3926,2.7393,92.8837,2.3953,91.9133,2.3251,91.8023,2.4298,93.1826,2.333
4.0765,2.2615,6.5286,2.3441,19.7601,2.5563,92.8157,2.2889,90.4412,2.4931,91.265,2.3668
5.2282,2.4277,49.518,2.4852,89.6484,2.8737,87.832,2.4149,89.9378,2.4495,88.3833,2.8145
7.1805,2.4851,92.746,2.311,91.5218,2.2965,91.1486,2.5735,92.1372,2.3263,91.9938,2.349
5.8411,2.9544,12.7132,3.0246,62.1717,2.5407,90.5978,2.4232,89.8171,2.3903,91.0124,2.303
10.4141,2.5901,87.6972,2.3343,88.5559,2.3035,91.0866,2.3288,88.6068,2.5335,90.5227,2.2697
90.4615,2.4142,90.3989,2.2854,91.5497,2.4673,89.8529,2.3309,89.86,2.7888,103.7922,2.4258
5.0134,2.3368,13.5456,2.4119,90.1721,2.375,96.0925,2.4144,93.4011,2.4033,90.8886,2.3428
44.2532,2.5653,91.4038,2.4116,90.4009,2.3948,89.2413,2.3588,89.8885,2.4066,89.6967,2.2864
59.6115,2.3937,89.3027,2.3128,92.0138,2.6277,94.8882,2.3876,90.595,2.2142,94.9156,2.3591
4.4427,2.4052,10.4371,2.542,76.9034,2.3946,95.8094,2.6013,96.1511,2.4608,93.3507,2.2909
4.9893,2.3669,20.2708,3.3176,90.4964,2.4121,91.7761,2.8674,117.4632,2.4456,127.8594,4.5296
6.298,2.9131,75.2996,2.7909,77.5618,2.3299,90.4877,2.5518,89.3934,2.2264,93.9592,2.3112
69.7298,2.4354,135.9894,2.4757,91.8534,2.4156,93.1401,2.2172,92.121,2.1822,88.7415,2.4013
4.7583,2.4439,9.7301,2.5208,34.7196,2.3687,55.128,2.5054,56.3788,2.2005,94.2086,2.3585
58.9177,5.574,112.4212,2.856,129.3829,3.1037,89.557,2.4386,97.9739,2.9466,117.1589,3.8098
6.6627,3.1568,34.5001,2.5331,45.3053,2.7861,100.909,2.2975,92.7173,2.3789,93.9335,2.4568
6.4684,2.3059,97.956,2.1932,115.7004,2.689,154.0342,2.6359,147.6124,2.9857,155.9567,4.1058
12.2271,2.7086,82.2366,2.8606,120.2279,2.4574,104.5965,2.6676,131.8351,3.2121,138.5842,2.4284
9.3971,4.8845,29.9811,3.5469,79.0028,2.5044,141.4733,2.5565,113.7593,2.3644,111.012,2.5251
179.3308,5.3979,162.9861,2.9373,164.5708,3.7109,156.0281,3.161,136.8584,2.9706,152.7238,3.0989
143.3808,5.27,131.0778,2.5603,118.7955,3.4377,110.0739,2.5206,99.9514,2.9527,95.6989,2.4833
4.7667,3.0981,9.2094,3.3762,114.1702,2.3717,107.9874,2.5898,94.1113,2.8664,118.7057,4.035
39.4506,2.9012,77.4334,2.6312,104.3808,2.3136,100.6425,2.3976,90.5965,2.4045,104.5842,2.4575
18.7313,2.4652,111.5958,2.3268,107.2699,3.2407,118.6864,2.4908,102.3672,2.9315,103.6988,4.3708
108.6627,2.192,93.3866,2.6262,97.1599,2.2324,93.0993,2.6356,93.8263,2.4444,102.0383,4.587
5.7369,2.3864,18.0346,2.5571,108.4989,2.6888,188.2895,2.9835,105.3062,2.3375,112.8756,2.6655
5.2104,2.6599,8.347,2.9542,61.3834,2.6305,105.5741,4.1778,108.5383,3.1931,127.8042,2.6531
139.6174,3.2962,135.0709,2.5001,184.2447,2.927,199.9403,3.7941,170.285,3.3817,180.7875,3.0712
108.7661,2.394,95.1719,2.33,91.645,3.1821,93.352,2.3861,92.0797,2.3393,94.1258,2.3964
4.5332,2.896,12.5774,7.4161,59.0537,3.2725,79.417,2.4149,102.8897,2.6251,98.9091,2.2012
5.1395,2.2392,15.2651,2.4722,95.0145,2.3945,99.6341,2.4606,94.7047,2.314,105.6577,2.56
87.0937,2.4778,87.4815,2.3442,88.1225,2.4444,88.6993,2.521,100.3944,2.4879,86.6488,2.4771
17.5387,2.7987,88.0118,2.7502,85.8285,2.3883,86.9728,2.3943,86.3804,2.3599,87.4588,2.3098
5.5022,2.4284,44.773,2.5493,90.5932,2.4311,91.9318,2.3839,89.2146,2.3725,90.3465,2.294
89.0747,2.3632,87.648,2.4635,106.5088,2.483,96.0681,2.6456,88.0192,2.4093,89.2474,2.5958
92.6253,3.8103,101.7418,2.4068,90.8288,2.4512,91.6576,2.4358,89.2318,2.4168,90.4375,2.4113
4.7174,2.6036,13.7646,2.8687,89.2162,2.3941,89.8166,2.6278,87.7567,2.4338,87.4984,2.4746
8.5894,2.6628,56.7642,2.4135,68.9558,2.7424,89.5538,2.4264,90.6576,2.2893,88.9257,2.3055
6.4965,2.5938,73.5803,2.4333,75.9952,2.4432,88.6979,2.3892,89.3949,2.1258,90.99,2.4398
83.0337,2.4714,87.0168,2.5363,90.1,2.3997,86.6159,2.4702,87.9315,2.3801,87.8475,2.4128
86.9696,2.3146,92.5717,2.4872,98.8495,2.4134,86.5096,2.3937,86.624,2.4348,85.4734,2.4869
4.71,2.622,9.7697,2.2459,83.8777,2.8397,86.8233,2.3834,87.2449,2.301,87.2206,2.7779
4.1096,2.3777,7.6444,2.3936,64.9742,2.5093,75.8758,2.4244,86.835,2.7703,86.2376,2.3413
11.6194,2.7152,58.497,2.5043,91.2448,2.4588,88.1066,2.4689,94.4598,2.6347,89.9164,2.5006
192.9823,4.267,205.0756,4.4585,195.9193,4.4074,207.3572,4.6299,196.9252,4.5104,187.1745,2.6771
131.5881,4.4943,180.6961,4.3299,189.0881,4.422,204.9198,4.3506,184.9846,4.5231,187.0441,4.3041
23.7888,4.4228,146.4019,4.5288,195.2981,4.2857,194.9229,4.4431,197.7597,4.5665,188.0472,4.1992
9.1193,4.6014,16.6195,4.8683,191.0887,4.2442,209.6301,4.4648,221.093,4.5403,190.0716,4.4193
6.8469,4.1246,51.4558,2.427,64.9677,2.1429,91.546,2.2381,88.9363,2.4476,87.8955,2.4515
92.8922,3.8565,97.4171,3.5171,96.8005,2.3556,89.9183,2.3972,94.9267,2.493,103.9758,2.4897
5.1256,2.3817,25.5845,2.4465,68.9251,2.5268,91.2964,2.2853,93.0184,2.4142,92.1767,2.4962
80.0762,2.521,89.5483,2.4656,89.2225,2.3217,87.1554,2.4395,88.2518,2.6758,88.9224,2.4898
90.2314,2.4492,90.6757,2.41,89.0818,2.3632,88.9902,2.4739,89.5972,2.4098,94.0444,2.4934
87.3027,2.5225,89.1987,2.4939,87.3994,2.4558,86.9726,2.4272,88.409,2.0904,88.0563,2.4087
6.467,2.3704,49.4976,2.4206,83.9493,2.4934,86.6555,2.4211,86.4588,2.4532,86.4873,2.6799
11.8036,2.35,89.4794,2.4375,91.3418,2.4318,90.7544,2.416,90.1968,2.3864,90.9057,2.3347
92.7257,2.4457,105.8018,2.6837,92.2104,2.4648,99.4617,2.3589,98.1737,2.5117,91.1205,2.7087
91.5424,2.5107,90.445,2.4117,90.4985,2.8384,88.5427,2.4262,88.8975,2.4947,89.8791,2.4055
6.1094,2.4167,91.2757,2.6112,104.3758,2.4409,91.4975,2.3579,98.0674,2.4577,90.7014,2.3984
89.0507,2.497,88.6084,2.3703,89.6479,2.3974,88.9404,2.8554,88.8754,2.4327,89.4583,2.4433
23.1841,2.3573,62.2151,2.3727,89.8958,2.4701,90.9357,2.4079,90.231,2.8672,88.964,2.4237
7.2417,2.3791,88.3948,2.1945,95.868,2.4207,88.0065,2.4902,88.6463,2.4199,88.4534,2.292
88.3239,2.4192,85.8735,2.4829,117.8062,3.2274,92.8113,2.3388,100.0509,2.3906,86.2902,2.4345
10.4788,2.9935,57.1807,3.0964,83.5848,2.4121,87.7748,2.3886,89.0022,2.5122,91.0894,2.4632
8.4839,2.7837,55.0898,2.4615,86.7952,2.4255,89.3953,2.4601,89.1666,2.4146,86.8263,2.3113
6.5215,2.3846,91.0878,2.4018,91.5265,2.2774,90.6357,2.3962,91.147,2.4003,91.5591,2.6071
87.161,2.3673,87.6685,2.4823,90.4762,2.4231,86.4765,2.415,89.3114,2.4077,87.278,2.3254
8.7576,2.369,73.2792,2.4114,85.847,2.4071,86.2552,2.3363,85.7597,2.3971,87.8588,2.5226
6.0012,2.2671,17.2018,2.7032,71.6538,2.5462,89.8565,2.418,89.6354,2.3104,89.9275,2.4992
96.094,2.4092,89.6832,2.397,88.8531,2.4095,88.0041,2.4061,93.4888,2.3216,91.8779,2.4274
4.8999,2.5417,10.6343,2.4503,23.0332,3.0485,82.7434,2.4593,90.3993,2.4509,94.442,2.3935
5.5996,2.3736,88.2781,2.2806,88.2713,2.3207,87.5473,2.3483,88.4069,2.4558,88.6332,2.4148
7.5563,2.3606,83.4182,2.4552,86.9751,2.2981,87.2542,2.344,88.417,2.382,86.5102,2.4934
3.9074,2.3908,6.6833,2.1829,38.7367,2.4567,87.4165,2.422,87.5745,2.4017,89.883,2.6715
90.523,2.4466,89.1337,2.281,89.1193,2.4404,91.9317,2.4811,89.8382,2.4736,89.5341,2.4736
5.1633,2.3868,42.5227,2.6618,90.7645,2.3721,91.07,2.411,90.5086,2.4314,91.1732,2.144
7.1932,2.7808,89.591,2.2865,121.2061,4.5546,193.6868,4.3837,190.3,4.5854,189.0877,4.4754
203.581,4.4816,192.4815,4.4684,194.8577,4.7242,187.0745,4.4509,193.9528,4.4764,192.6809,4.2811
11.0293,4.3171,95.915,4.2102,191.1821,3.1362,95.1462,2.2129,93.0435,2.3445,89.644,2.4903
57.8427,2.4695,90.5099,2.3194,90.2665,2.5235,102.0363,3.6154,104.5328,2.5902,91.3551,2.5708
4.6707,2.1952,8.8318,2.4767,63.9381,2.3994,84.431,2.464,87.495,2.4961,90.9574,2.3505
5.878,2.4269,34.5872,2.9548,92.3221,2.3237,87.9415,2.5086,88.7298,2.3385,88.1701,2.3463
4.1581,2.3089,6.9367,2.3862,44.7542,2.6876,56.1916,3.0735,77.5263,3.302,87.8585,2.3183
4.2949,2.3067,10.9244,3.237,84.9279,2.861,98.2748,2.4187,88.176,2.5587,86.9453,2.5378
4.5657,2.2606,10.7877,2.4736,74.0743,2.441,91.6188,2.5108,103.6405,2.3035,94.5644,2.4034
8.4332,2.234,60.8713,4.0318,100.092,2.356,92.8595,2.629,93.3535,2.4901,96.2732,2.2623
7.1287,2.4701,102.7558,2.5546,106.9626,2.5635,92.7394,2.4074,101.8552,2.4396,104.5918,2.774
8.6425,2.3697,91.2126,2.462,105.0869,8.8807,108.5038,4.2131,111.8869,4.2607,102.2814,2.2588
7.2315,2.2827,95.8816,2.2104,96.7183,2.2702,95.1079,5.2688,104.7072,2.3148,109.3896,2.9584
6.0523,2.7136,45.5592,2.5877,107.5765,2.9657,113.3202,2.6699,102.7753,2.2092,120.4076,3.3981
120.0731,2.8248,206.7819,2.4406,110.8649,2.9268,123.5849,6.2805,152.6153,2.4794,200.1378,2.4684
4.0111,2.6517,9.5521,2.1825,95.5556,2.5262,97.7127,2.3164,90.7131,2.5224,89.3448,2.4168
13.2638,2.2536,88.9251,2.3832,88.3983,2.3446,92.1539,2.4335,98.1036,2.3786,89.8504,2.3426
7.0669,3.6598,49.0866,3.5719,100.5537,2.5104,93.9274,2.4031,90.529,2.5352,90.0971,2.6128
55.937,2.4981,88.2264,2.3591,88.2638,2.5345,87.3477,2.4082,89.0268,2.3977,86.6161,2.4188
4.4165,2.3692,8.6512,4.911,67.743,2.4395,91.2498,2.4992,96.9809,2.3614,91.541,2.5623
87.3114,2.3417,87.7915,2.3454,100.944,2.3558,87.6638,2.4178,86.9449,2.4392,87.0048,2.2833
89.0294,2.4122,87.7933,2.4415,88.1374,2.412,87.5769,2.3274,87.7717,2.5269,89.0131,2.4268
11.1147,2.4229,39.5611,2.6874,93.5886,2.3202,89.5403,2.3549,108.2743,2.1872,91.9263,2.2905
6.6433,3.2651,34.7386,2.3731,98.3624,2.2878,90.5701,3.2793,93.9893,2.719,88.9558,2.2979
46.2625,2.5851,87.304,2.3733,86.7609,2.6131,88.3178,2.4396,88.8658,2.3455,86.8193,2.3957
11.2558,2.3224,68.5905,2.5491,87.5521,2.5172,87.0014,2.5006,88.9989,2.4765,87.7271,2.3567
55.6442,2.5451,82.7855,2.3117,89.4577,2.2194,101.684,2.3777,88.9766,2.4126,87.9865,2.3409
4.3464,2.4578,6.8529,2.1882,20.2384,2.6229,60.6363,2.5385,75.7233,2.4925,79.4397,2.5552
9.4939,4.3914,21.5231,4.5185,190.7928,4.4527,190.8207,4.2748,197.2119,4.5876,213.9256,4.8594
201.3402,4.537,186.5453,4.5918,188.8824,4.458,158.3567,2.395,87.0572,2.9719,90.6948,2.5704
7.8802,2.4441,87.2225,2.2851,85.6589,2.3766,97.8652,2.3913,87.0329,2.4894,88.3649,2.4363
5.9012,2.3787,63.8363,2.3933,96.3554,2.4292,90.3097,2.3308,90.6219,2.4837,89.8738,2.4181
5.177,2.3456,25.2265,2.5732,93.699,2.4764,90.4681,2.4528,102.0022,2.4001,95.2169,2.4082
3.7963,2.3062,8.2046,2.7973,106.451,3.2212,119.0073,2.3435,91.209,2.4043,88.3303,2.4078
5.9795,2.5711,38.8094,2.2048,74.9108,2.4185,86.0514,2.3328,87.5899,2.473,88.8912,2.7863
5.6985,3.0231,73.208,2.5741,98.7185,2.3209,93.3912,2.9001,97.706,2.4122,96.0589,2.3287
19.0279,2.2423,96.4296,2.4602,97.7903,2.1705,95.9886,2.1864,96.7399,2.3686,95.2616,2.2761
4.7555,2.3854,8.7775,2.3704,66.9971,2.3429,75.3894,2.4019,91.6191,2.4029,90.9686,3.0393
98.4977,2.3157,94.2148,2.4628,98.4144,2.7537,129.177,5.1144,177.1747,6.0186,167.0573,3.3764
110.5297,2.6577,148.6712,2.9717,137.5358,2.5714,103.2046,2.6652,98.7068,3.3166,99.574,2.5129
97.6525,2.413,91.1107,2.2076,88.9651,2.3782,95.9064,2.4358,88.2135,2.2991,88.4082,2.2958
7.1593,2.446,127.35,2.3359,98.273,2.5712,92.4653,2.2739,102.8323,2.2231,96.5301,2.472
89.6172,2.9244,91.2149,2.7931,96.8059,2.8075,91.0071,2.4195,95.3415,2.1137,88.8884,2.4008
92.8368,2.2773,88.542,2.3763,90.5541,2.3055,95.4463,2.3303,88.6747,2.3941,88.3007,2.3674
5.3126,2.2393,31.502,2.3683,89.2885,2.3129,89.9286,2.3831,89.6293,2.3474,89.5721,2.3273
4.4983,2.2854,12.2217,3.1087,88.7175,2.3931,87.9239,2.3264,89.9644,2.3193,94.2931,2.4087
54.5724,2.239,91.4624,2.5176,96.1981,2.8773,109.8559,2.4077,93.3864,2.2018,107.512,2.9771
4.4992,3.2569,16.1314,2.6519,109.9871,2.4035,93.1409,2.4169,88.9131,2.3946,100.8702,2.3189
4.7153,2.5013,10.6999,2.2361,50.8782,2.4506,58.1803,2.1777,60.9381,2.907,64.9338,2.4914
5.0189,2.6527,8.3586,2.5445,27.1,2.3384,41.0695,2.3331,55.1596,3.0012,71.5292,2.7837
5.7994,2.2477,87.2479,2.9272,99.2612,2.5373,91.2422,2.3702,90.2513,2.5898,91.0256,2.2979
73.6864,2.457,79.5312,2.4054,108.119,5.1498,131.8744,2.6143,132.8077,2.9525,123.3333,4.2833
85.7539,2.7281,104.916,3.9707,90.5049,2.3838,87.7274,2.4682,88.0304,2.3198,87.0236,2.3245
51.8648,2.4119,87.5059,2.4854,89.1612,2.4281,89.5811,2.4169,102.8507,2.414,88.2778,2.3753
11.6325,2.5692,87.07,2.437,87.0626,2.4405,87.0052,2.5174,87.8465,2.3268,85.1528,2.3499
9.7446,2.693,50.0709,2.4779,89.1311,2.5354,87.5264,2.4738,89.013,2.3159,89.0083,2.4117
6.4006,2.3966,88.9583,2.3332,88.1433,2.6021,88.7003,2.3837,90.5385,2.2908,89.3721,2.3099
77.7788,2.3945,87.0819,2.4267,91.9832,2.4363,87.6434,2.4397,91.08,2.2071,87.8278,2.384
56.7911,2.4686,90.9614,2.4865,102.3182,2.3234,90.0835,2.4267,91.6298,2.3709,89.3687,2.3733
4.7277,2.3426,17.9547,2.8113,84.1701,2.5286,86.9317,2.3361,85.8053,2.4648,86.2384,2.3658
37.5355,2.598,44.7368,2.6378,89.0171,2.4394,89.1603,2.7366,90.6859,2.2847,87.8215,2.4259
4.2459,2.2995,11.5024,2.7057,87.5688,2.3277,87.8483,2.3232,87.2131,2.4639,103.3448,2.4155
5.9643,3.2042,51.1451,2.5746,69.7873,2.4571,69.1215,2.4362,96.188,2.4871,93.1286,2.4026
5.2292,2.2949,28.6648,2.4969,43.3197,2.276,50.2359,2.4391,88.3557,2.3513,88.6052,2.4425
5.8706,2.2097,49.8134,2.4964,100.4282,2.4365,90.6533,2.1577,100.0115,2.2324,138.5096,3.0339
88.2065,2.4421,90.0098,2.3329,91.1555,2.5915,88.1976,2.4368,91.696,2.2426,87.3337,2.7329
45.6772,2.7294,96.3878,9.5531,128.6635,2.4608,91.2343,2.4392,88.0025,2.4803,87.2829,2.3714
7.7062,2.3198,58.2567,2.3979,103.7581,2.636,92.3252,2.4709,92.3099,2.5,160.7491,4.2227
190.3612,4.4353,181.0949,4.1372,200.2873,5.3451,205.3486,4.2881,189.0978,4.4463,187.3342,4.5318
10.8044,5.6368,44.3246,4.5599,187.8527,4.2258,192.5632,4.4965,187.7022,4.5644,185.1242,4.2413
188.1195,8.2177,301.6685,4.8322,256.2063,4.4764,222.426,6.0091,206.4921,5.942,245.6947,9.6425
96.3266,2.3904,90.3502,2.5955,91.433,2.3824,90.3606,2.636,101.0118,2.2951,93.3127,2.2733
85.336,2.7085,91.36,2.5492,91.1932,2.438,89.7288,2.3314,87.2607,2.9478,88.3503,2.288
87.6366,2.4952,86.9753,2.6235,87.8727,2.3664,90.7838,2.3291,87.6625,2.3178,87.182,2.3827
85.2867,2.3885,87.0748,2.4988,86.5595,2.4172,86.9719,2.4072,88.4239,2.3367,93.9011,2.4079
4.8197,2.3718,12.9298,2.7904,92.156,2.4021,88.8807,2.4668,89.1878,2.526,90.7156,2.4022
4.8213,2.4025,12.5773,2.3901,93.6183,2.3945,88.4641,2.4219,88.3807,2.4016,87.3749,2.3736
52.0277,2.6448,100.4571,2.804,92.8473,2.4199,88.7701,2.3896,102.9777,3.8556,112.0504,2.3842
11.3304,2.5058,83.0856,2.4766,88.4058,2.4244,93.7312,2.3579,89.0356,2.3862,86.8664,2.4581
7.3933,2.4892,68.9474,2.5588,70.8125,2.4238,88.7862,2.408,90.421,2.5084,88.9191,2.3733
5.4901,2.2994,37.1632,2.3492,89.414,2.4999,93.5603,2.5886,89.1053,2.9668,95.9421,2.8695
4.2299,2.2149,8.6421,2.7439,107.9032,3.2782,92.7754,2.3811,88.9008,2.4124,87.9968,2.5049
44.0693,2.4461,90.0137,2.3517,91.9553,2.1872,101.9701,2.2766,104.4723,3.8726,103.0564,2.3141
93.2538,2.3,93.6309,2.5325,92.9458,2.3708,94.808,2.4765,105.9971,2.528,95.9115,2.2724
68.0372,3.2988,95.3502,4.4094,96.2269,2.542,91.0428,2.5348,95.7557,2.5552,90.4521,2.4138
5.3422,2.2338,14.0077,2.2297,112.0204,2.3881,81.8984,2.3044,83.3873,2.6249,90.2609,2.4268
4.9893,2.3052,7.4211,2.3839,14.7098,2.4854,46.3145,2.5366,64.5581,2.6977,80.094,2.9334
12.7915,2.3459,88.0181,2.5821,89.184,2.4435,90.1823,2.8874,90.0603,2.3153,91.664,2.3418
14.3884,2.4115,91.1551,2.4551,89.5599,2.5755,90.0475,2.4382,98.6082,2.1993,99.1276,2.4222
89.3167,2.436,90.4451,2.7517,93.4591,2.4564,90.8039,2.4851,108.351,2.3188,103.49,2.8449
7.489,2.376,93.4027,2.3831,91.0396,2.3964,92.1655,2.4561,92.4212,2.9237,95.473,2.4657
80.2395,2.4189,113.2284,2.5101,112.6605,2.5278,90.6234,2.5037,92.1844,2.5405,91.5653,2.4557
4.5739,2.7122,9.4308,2.1169,88.7443,2.3918,89.1311,2.3219,89.2958,2.6895,88.6046,2.3831
68.2708,2.5067,89.9474,2.3964,91.5651,2.4729,90.6801,2.1743,90.8009,2.2926,91.6062,2.3865
89.7026,2.3368,88.6748,2.5363,89.9163,2.4319,89.9664,2.4383,89.05,2.4171,89.7544,2.3221
89.6577,2.3523,89.6536,2.4702,89.1643,2.3512,88.1738,2.5539,89.4062,2.4033,91.8618,2.4139
90.1767,2.4653,98.3736,2.3618,90.2598,2.3994,91.3558,2.3952,91.292,2.3119,92.3449,2.4755
4.7408,2.3243,7.9449,3.3608,105.2709,2.4967,95.9179,2.304,93.7024,2.3108,93.4707,2.6575
90.4849,2.4829,91.1958,2.3819,92.3996,2.2764,96.0234,2.3207,92.5632,2.8043,100.2802,2.4189
84.0589,2.4271,93.3344,2.331,92.7191,2.4426,95.9694,2.6727,94.7884,2.4089,91.2975,2.642
7.7629,2.3344,72.1449,2.3469,96.9143,2.1674,97.3505,2.5553,94.2506,2.9852,97.9046,2.2734
4.9802,2.4017,14.5288,2.3737,85.337,2.3557,88.0493,2.4115,109.74,2.4767,90.7884,2.3372
5.4439,2.3193,39.2218,2.4787,51.5725,2.3986,75.7169,2.4258,93.6173,2.3298,93.8338,2.3228
6.8728,2.1342,45.9584,2.4492,61.7254,2.506,66.8687,2.5097,89.1454,2.3712,90.2241,2.4501
4.6685,2.3959,15.3858,2.3912,60.255,2.6413,62.4734,2.4141,62.6026,2.4786,69.7587,2.5073
4.4283,2.3327,11.0443,2.2278,70.6318,2.4969,91.2737,2.5387,91.1457,2.3944,92.0318,2.4136
79.2109,2.4018,91.031,2.3094,95.2422,2.3887,89.1613,2.3419,88.8978,2.4141,86.5057,2.4858
187.8816,4.3202,190.0454,4.8277,194.012,4.376,187.121,4.4503,191.4601,4.467,187.37,4.2091
14.6238,4.9407,123.0573,4.3457,150.8883,4.4447,200.6628,4.4203,189.0177,4.2438,191.1169,4.501
191.1764,2.4271,88.7228,2.4909,90.0926,2.4982,88.9046,2.3793,89.8543,2.3527,90.0834,2.4319
4.2055,2.3012,7.6984,2.3265,81.7317,2.4196,86.3118,2.4132,87.4536,2.3284,90.9955,2.3971
95.5664,2.4858,95.6031,2.4199,97.4818,2.676,103.5865,2.402,103.5255,2.4066,95.9266,2.4387
8.3538,2.3501,80.6416,2.4904,85.9368,2.5135,87.8554,2.4082,87.3258,2.4732,86.5663,2.4018
91.2833,2.4372,91.3075,2.3076,91.4917,2.3267,91.7978,2.5871,92.0544,2.4512,92.4128,2.407
12.9444,2.8348,85.165,2.2965,87.2771,2.3725,85.9046,2.3539,86.672,2.4067,86.3919,2.3867
87.289,2.4412,88.3058,2.4427,88.9708,2.3928,86.9474,2.4919,89.3396,2.4667,106.9665,2.3213
4.3042,2.4095,8.4496,2.2087,89.5625,2.3859,90.6921,2.5064,89.6349,2.7403,88.7534,2.2604
14.1141,2.6339,88.4002,2.4053,86.8725,2.4672,86.7092,2.4109,96.0357,2.3631,87.1976,2.4769
4.6099,2.3147,9.3973,2.5614,56.2022,2.473,89.7897,2.5394,89.437,2.4142,87.3101,2.4146
7.9824,2.3193,71.1808,2.8722,87.8049,2.4245,85.9432,2.514,86.9653,2.4481,85.937,2.3919
7.1484,2.4547,71.4087,3.2214,118.3283,2.5837,88.5083,2.3046,87.1833,2.5046,87.3126,2.4213
4.32,2.333,7.5502,2.6436,45.5443,2.3973,54.2075,2.4054,59.5493,2.834,103.6534,4.9936
75.5518,2.6544,102.5154,2.3979,89.8692,2.3744,89.5291,2.4286,90.4315,2.4385,88.8068,2.6094
6.5468,2.3463,87.5429,2.3924,93.2904,2.421,86.7622,2.3955,88.263,2.4527,88.6562,2.4271
70.3897,2.3606,89.9019,2.4454,89.8049,2.4069,94.8962,2.222,96.787,2.3739,89.8879,2.5215
97.7333,2.4267,89.2815,2.4737,88.7021,2.2754,93.107,2.4369,87.8651,2.205,88.1388,2.4106
4.1758,2.5393,7.352,2.3379,77.8455,2.4107,90.3032,2.4162,90.1144,2.4464,90.1925,2.4083
76.2718,5.1076,88.6558,2.375,89.1933,2.4059,88.9201,2.5661,88.2326,2.4045,90.9458,2.3291
5.2355,2.4275,88.7582,2.3858,89.7523,2.2925,89.8938,2.3976,89.0668,2.3562,89.0121,2.5104
52.0137,2.449,89.8133,2.3644,91.0421,2.4172,90.4961,2.5018,89.4961,2.3184,94.5527,2.4012
88.9977,2.3,90.0283,2.3181,89.0219,2.3247,88.2576,2.2455,88.8718,2.332,88.1235,2.3171
73.0479,2.1966,88.2803,2.3132,88.5782,2.3344,88.9314,2.3381,89.0514,2.2277,89.5098,2.2694
56.4212,2.285,89.8892,2.3139,90.6787,2.2368,90.9164,2.2293,90.8793,2.354,93.962,2.3319
63.826,2.4212,86.317,2.3292,87.1034,2.2676,86.6772,2.2594,87.8915,2.3367,86.2703,2.3838
56.8032,2.456,63.0662,2.4838,89.204,2.3094,105.0502,2.3086,96.1014,3.0651,91.2542,2.6588
5.3658,2.308,57.5762,2.3358,103.3128,2.2569,88.4186,2.2711,93.0912,2.9008,92.8835,2.2468
8.0363,3.2125,76.953,2.3843,97.1756,2.3378,101.7043,2.3276,88.2469,2.3243,87.6002,2.2962
4.1504,2.3495,8.845,2.19,55.2812,2.3359,50.2637,2.4468,88.8256,2.3089,87.3016,2.3311
95.8222,2.3208,94.2921,2.3111,94.4018,2.4756,95.8175,2.2603,94.02,2.2635,95.6119,2.3321
4.4044,2.4096,11.9885,2.7222,90.0431,2.4032,93.4828,2.3508,90.9547,2.3765,89.2568,2.2915
92.0816,3.2299,92.5205,2.2538,92.2042,2.3328,91.3847,2.318,91.5556,2.4017,93.8262,2.4027
4.1701,2.3649,11.8267,2.794,70.0372,2.416,86.9805,2.3224,88.7663,2.3049,100.8366,2.3532
5.0224,2.2871,42.3232,2.3849,86.0665,2.2663,86.9784,2.7268,86.5647,2.7215,86.3207,2.2876
5.2649,2.3174,37.0676,2.3705,81.9629,2.3244,85.5632,2.2328,86.1322,2.42,87.051,2.2569
56.1242,2.4991,87.0242,2.234,87.0607,2.3242,94.7135,2.3645,87.2431,2.4307,85.5838,2.3311
8.8115,2.3116,87.2235,2.345,87.0258,2.6918,86.7867,2.2808,87.9183,2.3223,89.2819,2.2381
10.2446,2.336,64.319,2.3616,86.2876,2.3839,87.2743,2.4422,86.9783,2.2245,85.7244,2.3377
5.2206,2.3437,58.695,2.5592,88.9984,2.4274,88.5234,2.3501,87.1011,2.3878,87.8555,2.2409
89.8448,2.2744,89.3817,2.373,90.8587,2.4357,89.795,2.3273,89.7658,2.3347,88.6168,2.3357
92.8125,2.3217,93.0901,2.2515,93.5843,2.2392,92.244,2.3319,92.3891,2.2797,92.7237,2.5768
4.0534,2.2526,6.6481,2.4847,45.4903,2.4374,72.2465,2.3021,93.809,2.3397,88.8278,2.3136
7.4858,2.2495,87.5036,2.3707,87.2412,2.2628,87.8362,2.3097,92.3126,2.3263,87.9003,2.393
3.8447,2.3293,6.3125,2.3024,91.1405,2.308,89.767,2.3142,91.1131,2.2664,89.0073,2.3174
3.7761,2.4287,5.5263,2.1115,10.0473,2.1292,84.2542,2.3312,87.6531,2.2689,86.8778,2.3291
11.3062,2.3079,90.0504,2.2867,89.6398,2.4089,88.7362,2.3682,89.9696,2.3232,89.8107,2.336
5.3124,2.3586,89.2958,2.3217,89.044,2.1405,87.4706,2.2684,99.6743,2.2815,88.4179,2.3721
4.542,2.3126,8.1372,2.0924,91.0041,2.3134,91.5233,2.3123,97.7927,2.4078,90.9269,2.2983
4.2746,2.3589,9.4775,2.0868,65.9162,2.427,98.9187,2.3159,88.5558,2.3362,89.5217,2.3264
4.9672,2.3337,67.4953,2.2952,86.4559,2.4169,83.3328,2.3064,85.979,2.2325,86.5381,2.3132
5.167,2.3892,73.6608,2.3116,79.8119,2.3052,81.8349,2.323,88.5613,2.2484,100.2169,2.3139
5.7733,2.5571,103.5676,2.3134,87.6305,2.3253,89.4197,2.3066,103.671,2.4318,89.7355,2.3206
4.5568,2.3299,10.4193,2.1456,68.4913,2.1769,90.5388,2.3951,90.8025,2.0399,96.5306,2.3182
85.1424,2.3144,86.6747,2.3253,87.6677,2.4373,100.8797,2.3525,90.4813,2.3493,95.4635,2.3535
90.1484,2.2689,89.9034,2.7116,89.9757,2.2842,92.2513,2.3989,90.23,2.2286,92.4757,2.3407
65.1219,2.4076,89.0819,2.2921,89.0946,2.3639,95.7041,2.3447,90.4834,2.3154,89.4572,2.4544
87.0794,2.3175,99.6384,2.5182,97.4271,2.1969,86.7148,2.3079,88.1627,2.2862,88.2738,2.2787
5.098,2.3296,40.6996,2.336,90.5172,2.2588,90.9501,2.3939,93.6142,2.4619,92.642,2.347
5.0124,2.3638,38.7121,2.3969,90.0827,2.3819,89.8928,2.2682,88.1214,2.344,95.4527,2.1991
63.8957,2.2782,87.4428,2.1617,86.3623,2.3107,87.0058,2.3745,86.9514,2.3619,87.2076,2.3641
5.2059,2.3616,51.1217,2.2595,87.8009,2.31,88.9107,2.3146,90.3731,2.3554,88.603,2.3166
85.8343,2.2742,89.0184,2.3178,88.0736,3.6125,87.0435,2.3316,88.5008,2.4483,86.5541,2.3343
4.9095,2.3096,108.2103,4.3199,194.6245,4.3382,191.2594,4.4192,192.2029,4.4013,193.6453,4.3007
8.2216,4.5361,19.1431,6.3105,108.3609,4.4072,172.2266,4.5162,185.5621,4.3793,187.1641,4.3827
10.9368,4.3626,175.9183,4.3009,190.4783,4.4428,187.6028,4.2172,186.1964,4.5258,186.2421,4.3185
195.7078,4.4689,185.5763,4.3521,189.905,4.3315,186.1983,4.3824,187.8174,4.4358,95.7057,2.3159
5.0566,2.2625,90.8394,2.3047,89.8111,2.3348,89.0191,2.2584,92.5442,2.2186,97.5723,2.332
5.2434,2.2426,26.9177,2.4037,87.3311,2.2937,88.4642,2.6759,88.0662,2.3126,102.1211,2.1991
88.7175,2.3163,89.3065,2.3635,90.4689,2.2772,87.0097,2.2972,88.2915,2.3228,88.7779,2.8157
7.4573,2.3108,70.58,2.4353,87.0352,2.5092,88.1077,2.3148,87.4132,2.2923,92.7242,2.2195
83.8499,2.448,87.1436,2.4173,87.5241,2.307,87.6612,2.2976,103.8161,2.3098,89.5122,2.3279
11.4538,3.1157,55.8789,2.4693,81.9134,2.3748,95.5809,2.1974,100.7804,2.3175,86.2217,2.5385
5.4068,2.3442,52.3131,2.3679,90.3952,2.3342,96.6256,2.3501,88.7152,2.4235,88.4651,2.3172
4.3508,2.3125,12.7757,2.325,55.092,2.3966,83.2671,2.123,86.5023,2.3219,87.0631,2.2908
55.0562,2.4535,91.433,2.2639,88.7591,2.1912,88.3071,2.2601,89.0058,2.3062,88.0195,2.2586
3.5998,2.3106,6.4725,2.085,56.7902,2.3447,90.7139,2.3025,89.5159,2.3535,91.2395,2.3015
4.1915,2.3041,9.2959,2.2081,67.4546,2.4702,69.2694,2.388,90.2974,2.3226,90.6509,2.2877
4.5402,2.3158,11.6145,2.7802,78.2414,2.3059,90.0433,2.2696,89.6604,2.3446,91.6248,2.3785
74.1449,2.358,88.138,2.3929,89.3748,2.2248,87.8005,2.267,89.2307,2.5486,90.5734,2.3345
12.8544,2.4318,91.8491,2.2819,90.6439,2.3156,91.5078,2.2099,90.6166,2.2761,90.7487,2.2044
86.2845,2.4191,86.8326,2.4613,91.4359,2.3137,88.0236,2.2988,88.2317,2.3187,88.5089,2.405
6.0748,2.302,88.9215,2.2446,89.3571,2.8783,90.4858,2.3108,89.8991,2.3411,89.9136,2.2716
93.8276,2.3542,108.5313,2.3227,93.5312,2.2065,96.0772,2.3218,98.4152,2.2259,95.4901,2.3196
5.6032,2.3083,82.1724,2.2395,87.2056,2.238,88.94,2.1787,92.9316,3.4747,87.012,2.3816
6.2984,2.2993,88.2127,2.356,89.196,2.3109,87.1962,2.2824,88.2421,2.3644,89.5463,2.447
8.2963,2.361,88.2406,2.2541,87.8626,2.3384,96.7992,2.3088,94.6119,2.3162,88.2279,2.2668
9.3394,2.2584,70.8259,2.2635,89.3346,2.3451,88.9141,2.3477,92.1846,2.3572,87.9656,2.3755
4.8302,2.3233,58.6811,2.4404,85.4203,2.3302,88.3341,2.3474,87.2583,2.3333,94.8295,2.3036
10.363,2.3322,69.8987,2.3181,91.4389,2.6829,90.0186,2.338,92.2063,2.3685,92.1384,2.343
5.3861,2.2666,89.6443,2.5611,89.9516,2.2971,92.2551,2.331,94.5969,2.3009,89.3134,2.3507
99.9049,2.2245,88.4882,2.3096,87.9654,2.3217,88.2692,2.7712,87.8742,2.2102,87.6484,2.3269
89.1558,2.3411,89.2231,2.2633,89.5772,2.2902,88.4315,2.3171,91.3253,2.325,88.7001,2.2738
7.9433,2.1169,60.3933,2.3404,68.0438,2.3262,90.6516,2.3229,91.532,2.3071,91.7627,2.2792
59.2648,2.2989,87.3885,2.2472,86.5256,2.3286,89.6263,2.2854,89.0497,2.3361,86.9413,2.4738
6.5087,2.3226,70.135,2.3175,72.5849,2.3117,97.1123,2.1872,88.185,2.3698,88.1031,2.3226
4.7946,2.252,54.3552,3.6795,90.1123,2.2328,89.174,2.3507,90.2016,2.2543,89.545,2.5859
87.2951,2.3218,88.0253,2.3475,88.5619,2.2678,87.6243,2.2977,87.2774,2.2472,87.0667,2.3521
4.8251,2.365,90.7688,2.3227,89.9888,2.34,90.942,2.2951,91.4001,2.3211,92.0637,2.4078
5.2881,2.3114,73.4506,2.4114,90.4956,2.2293,91.7738,2.2992,94.775,2.3083,89.873,2.3237
4.6355,2.3288,13.5815,2.2047,31.264,2.4345,95.1785,2.2768,98.9782,2.2052,95.101,2.3045
89.3227,2.3441,92.8223,2.3025,90.6611,2.3021,89.048,2.337,90.2065,2.3515,90.3926,2.4503
85.9526,2.3321,94.2007,2.3423,89.3169,2.3987,100.2975,2.5486,87.1712,2.3355,85.4735,2.3383
74.369,2.5014,80.8455,2.4869,90.2994,2.253,88.9466,2.2162,89.275,2.3917,89.8207,2.166
5.3546,2.3395,14.2314,2.5156,55.5389,2.3175,84.5213,2.3379,88.5416,2.295,88.4036,2.2628
11.9776,2.2524,58.5658,2.4925,87.2074,2.3415,88.8801,2.1758,86.0534,2.7292,86.8914,2.2324
86.3848,2.3661,90.5124,2.3219,88.3712,2.3737,88.6287,2.2038,89.5404,2.4082,87.6309,2.2828
5.6538,2.1256,59.085,2.3268,91.0195,2.2985,88.8929,2.2803,88.2606,2.2504,90.9573,2.4005
8.3045,2.3054,57.3557,2.2804,90.1297,2.3869,89.8078,2.2701,89.4238,2.3498,89.8174,2.2889
13.07,2.2936,60.9759,2.3657,69.5491,2.3907,140.4139,4.5308,191.8652,4.3398,189.529,4.426
16.3635,3.1568,110.7224,4.6132,194.4247,4.4531,193.2179,4.4069,193.8263,4.5735,190.1324,4.3995
212.946,4.6015,184.5912,4.317,185.3036,4.3442,185.1089,4.5504,184.173,4.3434,184.8069,4.4157
14.2992,4.558,190.6526,4.4034,168.6313,2.3619,88.6431,2.5884,89.8139,2.8578,89.8062,2.2487
66.3034,2.4081,89.6548,2.2463,90.2884,2.2591,91.7027,3.6481,97.8908,2.3526,102.929,2.2377
4.7415,2.2329,58.6757,2.3581,90.857,2.312,89.7817,2.6868,95.0424,2.3337,89.9741,2.3212
76.5337,2.2314,86.2466,2.2551,97.5051,2.3132,85.3708,2.239,86.4054,2.7948,87.7818,2.3455
89.488,2.49,87.3993,2.3322,88.674,2.356,88.4606,2.3491,89.065,2.3262,88.7488,2.2605
16.6164,2.2433,89.5692,2.315,101.6289,2.3875,91.1972,2.2823,92.2457,2.2079,89.9591,2.2892
67.5091,2.4138,84.6686,2.3187,87.2265,2.2985,87.6768,2.3322,90.1629,3.2327,86.0253,2.2945
53.8291,2.2957,87.0817,2.4614,93.9553,2.3188,90.4916,2.1101,87.5108,2.3766,87.3393,2.2547
9.6306,2.3372,89.4826,2.3097,89.3481,2.2963,90.0097,2.3361,89.2372,3.199,90.5986,2.4244
4.6327,2.6777,10.6551,2.4426,52.194,2.3749,52.4772,2.4478,61.7099,2.4326,88.9807,2.3185
63.1071,2.4044,73.0149,2.3875,89.4636,2.4447,87.3929,2.3327,89.76,2.3298,88.2276,2.315
88.9126,2.2816,87.3812,2.3165,87.3576,2.3215,86.5115,2.3559,87.8804,2.296,97.2894,2.2163
89.1155,2.3381,89.0424,2.5318,89.3045,2.2711,103.983,2.3225,89.7202,2.3315,88.2852,2.2108
7.8235,2.8766,82.9701,2.283,86.515,2.3266,89.2945,2.353,89.423,2.337,89.4895,2.3291
4.3342,2.2455,8.4844,2.256,80.5575,2.3076,89.9987,2.3998,89.3518,2.3167,90.6088,2.3542
4.9725,2.2015,89.6791,2.1988,92.0181,2.1609,92.0943,2.3843,90.3921,2.2708,90.3165,2.3327
22.6277,2.3179,81.1736,2.3108,87.7017,2.308,86.6121,2.3131,87.3114,2.2714,87.1777,3.094
112.5046,2.4089,98.164,3.8156,101.143,2.4152,90.8389,2.4116,88.2861,2.2928,93.1307,2.3105
41.6356,2.2103,95.3447,2.2408,90.7638,2.3411,91.2725,2.3128,91.3892,2.2627,101.9111,2.3688
88.6752,2.2708,90.8698,2.2937,89.8176,2.3503,97.071,2.3127,87.7405,2.3806,94.7625,2.2962
55.271,2.4446,91.7438,2.2512,90.8754,2.4037,91.1739,2.2519,90.7798,2.6797,90.2311,2.281
89.7634,2.2616,90.8677,2.3355,91.535,2.3054,88.2479,2.4001,101.6933,2.3186,92.185,2.4595
88.2863,2.4285,88.658,2.3128,88.9047,2.3204,89.1189,2.3733,101.6118,2.3046,99.6382,2.3973
5.243,2.4811,51.5588,2.337,99.2976,2.3117,89.101,2.3541,88.4788,2.3224,88.1526,2.3097
5.8636,2.2612,41.6039,2.1652,72.5757,2.3382,88.818,2.2006,103.5813,2.3026,87.395,2.2843
6.7777,2.3402,55.4725,2.2943,87.6608,2.3162,86.5905,2.3204,86.7294,2.5294,87.4422,2.2308
7.4133,2.3856,43.6562,2.3486,49.2075,2.3984,84.3105,2.3256,103.3889,2.3037,89.472,2.3996
4.0076,2.2092,7.1743,2.2407,52.9604,2.4365,62.0686,2.3516,92.7987,2.2955,93.8228,3.7916
4.9087,2.3221,57.6717,2.3487,67.7148,2.3336,90.1119,2.1999,90.9625,2.3165,95.8754,2.6355
8.1677,2.2687,71.2757,2.2721,92.6461,2.3652,91.7765,2.2288,106.2443,2.2869,93.2608,2.297
82.1931,2.3186,88.0756,2.3288,102.0376,2.333,90.493,2.3225,87.7425,2.2776,87.4468,2.2875
6.3834,2.3809,47.8035,2.4506,88.3839,2.3495,86.3121,2.327,95.2196,2.272,88.5332,2.2572
88.6816,2.283,88.5039,2.4452,89.0912,2.325,87.6952,2.1846,89.7302,2.2229,101.1789,2.3276
71.0031,2.346,99.2709,2.2051,91.3178,2.5555,90.1897,2.3424,91.0881,2.3002,91.4708,3.3471
94.2523,2.3423,97.6553,2.3432,102.0586,2.2822,96.0107,2.3676,95.8854,2.3868,93.5741,2.3091
4.6214,2.2627,42.6385,3.5687,90.3448,2.3397,88.3729,2.2862,92.4901,2.4221,96.8196,2.3486
7.0489,2.3057,89.1948,2.2958,86.0424,2.4097,93.6793,2.3415,88.4842,2.3415,86.8633,2.2337
8.7404,2.2493,89.9008,2.3077,98.7067,2.8305,103.081,2.2892,91.8025,2.2967,92.1487,2.4053
4.0137,2.3242,7.8828,2.0477,35.0687,3.4212,89.2575,2.2883,87.5597,2.5708,87.3684,2.2712
6.1778,2.2972,89.5388,2.2196,90.1752,2.3194,88.3603,2.3218,89.7898,2.3473,91.8535,2.388
41.7179,3.3844,67.5917,2.3823,89.7669,2.3298,93.6222,2.3793,92.6148,2.3221,90.7838,2.3518
33.594,2.1877,90.0402,2.3401,89.7875,2.2766,88.9225,2.3154,89.9641,2.3253,88.7104,2.255
3.915,2.3046,8.1609,2.8029,27.1845,2.2253,39.1064,3.7813,44.0245,3.1684,100.5638,2.3341
51.319,2.3268,87.464,2.3493,87.6008,2.3128,86.5301,2.351,86.9074,2.3175,88.2922,2.3458
4.7279,2.3194,11.5052,2.3427,92.089,2.8231,90.5771,2.364,92.4782,2.2715,98.4921,2.295
72.5474,2.2973,90.3571,2.356,90.2058,2.2657,91.5801,2.219,90.7223,2.3401,97.145,2.3471
6.2647,2.314,66.683,2.3743,81.1317,2.3134,89.9975,2.3659,89.138,2.338,90.1989,2.3057
5.9516,2.3178,92.1271,2.4446,91.0387,2.3036,90.0716,2.3135,90.2727,2.2984,101.9308,2.3065
78.2033,2.3088,89.9449,2.2317,88.4724,2.3427,91.065,2.3544,90.396,2.3595,104.1418,2.2996
66.5752,2.4215,92.6336,2.2978,99.975,2.2145,100.8493,2.2414,92.3866,2.2616,90.7488,2.41
88.6664,2.322,88.2208,2.1577,86.1059,2.5589,85.5461,2.1195,86.9253,2.3195,86.2588,2.3411
95.4582,2.6605,102.6735,2.3446,93.2928,2.3664,93.5441,2.3709,92.3888,2.3281,93.3155,2.1976
4.5906,2.3885,81.4325,2.2148,87.0105,2.3498,87.8857,2.344,88.0294,2.3771,89.0068,2.3038
4.7578,2.2676,32.9779,2.4071,47.1667,2.408,46.1816,2.436,54.0862,2.3962,72.2062,2.3184
4.8295,2.3118,15.292,2.2537,82.1686,2.3107,88.9966,2.3437,88.812,2.7201,88.4073,2.9528
5.9883,2.4302,98.3153,2.2349,89.4267,2.493,89.4446,2.3272,88.1766,2.3877,103.3033,2.322
4.0695,2.3343,7.0931,2.064,47.2358,2.2941,63.2368,2.3852,91.5767,2.3533,89.6961,2.2941
6.2627,2.2787,75.3446,2.3019,82.5922,2.1036,97.335,2.3205,88.2491,2.3187,93.553,2.3198
4.983,2.9785,11.0313,3.0221,92.2145,2.5538,105.3988,2.2259,104.7355,2.4405,88.3457,2.2205
6.3367,2.3204,61.8209,2.4396,69.1325,2.5104,94.1505,2.3188,92.4565,2.5605,97.3175,2.257
61.8321,2.3929,81.2837,2.3123,90.981,2.8656,96.1126,2.4469,87.4778,2.5666,88.4479,2.3796
4.1466,2.2209,7.7425,2.0551,43.3449,2.4897,59.3634,2.3238,88.4876,2.4149,88.343,2.4018
87.4131,2.3916,87.5769,2.3661,87.1412,2.3322,88.4533,2.195,100.3839,2.3236,87.4388,2.4569
4.7034,2.3312,61.6571,2.3724,95.3017,2.3139,87.9943,2.9042,88.4902,2.3398,90.656,2.391
7.7012,2.3114,43.0014,2.4306,90.505,2.3996,89.5801,2.3494,89.8329,2.3619,89.6081,2.335
65.6735,2.517,89.849,2.3661,94.529,2.3378,90.0784,2.3409,90.9398,2.2834,89.6239,2.3114
67.225,2.4107,97.936,2.3175,91.1083,2.3603,91.3474,2.3813,107.1086,2.1991,91.4527,2.3702
3.7012,2.3208,6.0823,2.8531,18.2602,2.4213,49.1725,2.4683,77.5438,2.3259,86.4453,2.2978
5.4078,2.3091,61.8881,2.3941,66.1939,2.4669,88.1359,2.3527,87.7671,2.4269,87.4078,2.3497
85.2115,2.5812,92.5816,2.3044,90.979,2.3129,93.1446,2.3015,142.6383,2.2701,101.4556,2.2845
6.2281,2.4115,49.9929,2.3416,92.8277,2.3075,89.3903,2.2967,89.7387,2.3408,90.1731,2.3034
64.2879,2.4,92.1582,2.2601,91.8008,2.3307,90.9737,2.3237,90.6154,2.4831,91.2938,2.2983
5.4361,2.3199,59.5044,2.4602,72.4556,2.3561,97.8478,2.5107,92.947,2.3613,93.3597,2.2684
90.7316,2.3184,90.0402,2.318,102.5242,2.3832,91.436,2.3185,91.973,2.2738,90.422,2.2064
25.9155,3.8961,91.9281,2.3799,88.1967,2.2663,88.0582,2.3257,89.0142,2.3535,99.4446,2.2509
88.2607,2.3351,89.5596,2.3278,88.5939,2.2111,87.9293,2.2934,87.0993,2.2854,87.9006,2.2969
89.0674,2.3916,101.5805,2.3188,87.3425,2.3579,87.8374,2.2759,88.6473,2.328,86.7937,2.3132
5.3209,2.2839,89.309,2.3207,89.9746,2.3747,89.5933,2.28,107.4449,2.3482,97.6779,2.2833
62.0412,2.4389,73.2103,2.2824,91.6398,2.2485,91.1705,2.2497,92.1207,2.2831,93.4766,2.1923
34.5124,2.4233,89.8843,2.4003,92.3334,2.4082,90.2243,2.3168,90.6376,2.3281,95.377,2.3747
5.5122,2.2655,56.7595,2.3954,66.4576,2.3325,74.3004,2.4067,81.1457,2.2847,80.4924,2.3389
88.8561,2.4391,89.2533,2.2516,89.148,2.5548,99.2966,2.3184,88.5596,2.3364,89.5508,2.3124
9.3865,2.3818,91.2739,2.2005,92.8706,2.2291,92.2185,2.4095,91.6327,2.3304,96.6499,2.3
9.9147,2.8887,85.0298,2.3975,103.4191,2.3799,100.9462,2.3742,94.0775,2.5079,91.6673,2.2941
27.3746,4.3128,196.3452,4.4622,194.1193,4.4042,202.2712,4.2501,226.5859,4.4024,192.9854,4.7757
100.9067,3.006,184.3146,4.3774,203.651,4.4176,188.489,4.3837,186.6775,4.4865,193.1281,4.4184
14.3488,4.6448,102.4593,4.3035,198.5831,4.4602,187.9031,4.5894,191.4753,4.4764,190.8364,4.3743
6.3131,2.3046,88.3707,2.3172,91.3349,2.343,101.9075,2.3542,95.6733,2.4371,91.0461,2.2294
5.2562,2.3594,63.4583,2.4677,90.3025,2.5953,90.4928,2.3193,91.3624,2.3172,89.7564,2.3359
77.9448,2.4437,83.9441,2.3422,90.3507,2.3432,87.1265,2.3762,87.0601,2.6473,88.6048,2.3221
5.6964,2.3449,52.9323,2.2176,71.5984,2.495,93.035,2.2588,90.5804,2.2114,92.8546,2.3813
6.828,2.2328,45.1386,2.2117,95.7633,2.3145,88.0296,2.3159,89.5228,2.2613,99.9694,2.3214
5.2167,2.3259,38.2319,2.4022,85.745,2.3624,94.0635,2.3206,89.9331,2.3092,89.9213,2.3659
4.1528,2.4213,9.6538,2.267,91.0938,2.3041,89.4874,2.3136,91.6677,2.3192,90.3585,2.2951
88.5248,2.3655,88.2697,2.3108,88.5919,2.3749,95.9896,2.3273,90.7839,2.231,90.1433,2.3173
62.7141,2.4174,89.7756,2.4062,95.809,2.321,86.6149,2.3411,88.7128,2.3804,88.7209,2.3126
8.6898,2.3232,82.5904,2.3175,90.32,2.4469,91.8587,2.3152,91.8842,2.3349,91.2964,2.4682
4.9328,2.3329,46.8203,2.3904,81.4919,2.3265,88.4476,2.3304,88.2498,2.317,87.9467,2.4532
4.9081,2.6974,17.1092,2.2748,87.9904,2.2914,89.0718,2.3114,90.0111,2.3369,88.2421,2.3511
6.7748,2.5093,92.5406,2.8069,98.6137,2.3256,90.2086,2.3377,91.7894,2.3852,90.9714,2.3137
46.5678,3.5794,92.9254,2.3117,91.6176,2.3165,90.8763,2.2853,98.0931,2.2935,91.0622,2.3438
4.9008,2.3314,59.3811,2.3544,102.2833,2.2675,89.4591,2.376,92.1967,2.3173,90.7904,2.3197
7.1927,2.2773,58.1871,2.4774,65.5413,2.3846,97.5219,2.3119,95.1053,2.3276,94.1527,2.248
4.0288,2.3333,11.1696,2.1684,75.2771,2.3759,92.0211,2.3406,92.4773,2.3337,90.4673,2.2131
88.0405,2.326,87.3028,2.3202,88.5569,2.3692,85.1933,2.2772,99.2465,2.3718,86.6651,2.3249
6.6442,2.1529,62.7953,2.3746,102.2273,2.36,87.9982,2.4309,88.701,2.2692,87.2527,2.271
69.7678,2.3639,87.54,2.3284,88.1841,2.3929,90.7671,2.333,89.6208,2.4625,88.5852,2.3138
96.3588,2.6644,89.7649,2.3315,92.7113,2.3354,87.998,2.3158,87.3817,2.3402,90.2432,2.2931
5.7452,2.3717,83.1955,2.3035,87.9345,2.249,88.7103,2.4278,91.8388,2.7903,88.7191,2.3237
7.449,2.0594,64.1205,2.3395,84.4833,2.2451,87.0209,2.3372,86.5976,2.2954,87.778,2.325
5.1783,2.4009,28.6099,2.8897,70.0747,2.3724,82.924,2.2941,92.7188,2.3356,99.9602,2.317
6.6606,2.2797,12.7716,2.3974,85.8259,2.2833,101.2341,2.6829,102.9049,2.4503,99.3444,2.2846
102.1153,3.2119,106.3465,2.2648,106.7362,2.2664,89.7693,2.3437,108.5333,2.5303,129.9213,2.4708
16.6557,6.3466,145.1947,5.2909,118.8798,2.3673,103.5577,2.5349,92.2283,2.136,87.0926,2.355
146.6764,2.292,147.1229,2.4891,154.6708,2.8259,127.7561,2.6327,127.8692,2.1602,102.5886,4.0289
99.606,2.3651,102.8901,2.3122,91.6126,2.957,94.626,2.139,95.4993,2.4881,96.4745,2.8752
85.1157,3.8695,138.3166,2.3024,89.0395,2.1729,105.7358,2.6251,122.4845,2.5408,159.9116,2.7388
8.6421,2.8869,115.1971,3.3295,113.0332,2.6397,105.3311,3.0254,96.3048,2.7736,101.4896,2.7128
9.5003,3.6491,58.6987,2.2104,99.2561,2.5071,90.9347,2.3268,89.4094,2.2977,88.9801,2.2844
3.9031,2.3313,9.4435,2.4676,91.3805,2.3831,88.9591,2.2516,92.1755,2.4531,90.3895,2.338
91.8719,2.3642,88.0855,2.5737,87.4774,2.3162,89.1787,2.3408,88.139,2.5229,93.9295,2.1891
63.4645,2.4263,91.624,2.2101,89.0027,2.3125,91.8213,2.2609,88.2093,2.259,90.2648,2.2895
26.2484,4.5843,140.0344,4.5046,215.3593,4.4516,189.1433,4.3503,210.3641,4.7139,205.522,5.3182
259.0702,4.6469,224.5635,4.4432,275.6316,6.7281,244.4994,6.2014,293.4301,8.7407,233.9241,4.3386
9.1478,4.6197,92.6767,2.3367,119.7685,3.059,161.0607,2.2334,95.5893,2.9717,102.8824,2.4876
4.9383,2.6746,15.0357,4.0097,79.5012,3.7894,125.5796,3.0433,159.9773,5.2887,178.965,2.9841
88.3753,2.4729,88.9705,2.3191,87.7188,2.3571,93.5651,2.3181,90.1081,2.3178,91.7023,2.3969
3.7775,2.1365,6.9289,2.2911,89.4541,2.3074,91.0887,2.4153,87.7406,2.3308,88.9493,2.2676
103.1327,2.3128,90.0601,2.3581,90.6305,2.7061,93.0542,2.0911,138.0299,2.3649,92.407,2.3641
256.0076,5.1754,215.7583,4.3857,195.9022,4.4346,196.4258,4.4072,189.6332,5.4002,219.4838,4.3829
20.2702,5.3,195.0072,4.5135,206.174,4.4742,203.1324,4.3612,196.2814,4.3061,199.4641,4.6781
4.5793,2.3532,12.8229,2.1604,92.4935,2.6171,96.6179,2.4634,93.743,2.3486,91.7076,2.3917
73.1589,2.9721,92.5619,2.3456,93.8097,2.2776,104.2852,2.2599,90.1573,2.3309,92.5335,2.2739
39.5505,2.6668,45.9914,2.3211,77.291,2.3567,82.3228,3.3903,95.2152,2.5628,90.4374,2.2343
17.9382,2.1783,76.9406,2.2836,92.2415,2.5102,104.1489,2.0469,88.5768,2.3513,88.0081,2.3408
4.876,2.3518,96.2254,2.3177,97.4499,2.3164,96.0312,2.4384,90.047,2.3107,92.1533,2.3394
3.8753,2.4424,6.9829,2.0255,71.3458,2.5858,80.0201,2.3898,90.5818,2.1526,87.6081,2.5483
4.9889,2.1648,6.5656,2.7588,18.3055,2.3534,49.3834,2.3469,55.9618,3.1812,65.8846,2.2655
94.9298,2.7118,99.1472,2.3836,110.4623,2.3837,89.0202,2.5651,89.9635,2.2078,93.9659,2.31
6.8172,2.3243,88.7445,2.3422,88.9691,2.5322,101.125,2.9616,127.6028,2.2688,134.248,3.1692
4.2833,2.3362,8.627,2.1595,51.7192,2.4436,75.0221,2.4165,79.3201,3.5276,100.053,2.3831
89.8702,2.44,89.7509,2.3024,95.6335,2.3528,89.5011,2.1873,89.3351,2.3203,89.853,2.4299
78.507,2.2783,102.2897,2.4742,90.4173,2.6249,92.8171,2.2829,91.203,2.5169,88.672,2.4933
59.5431,2.4067,82.4404,2.3006,88.3178,2.3443,100.3529,2.6205,88.2576,2.3243,95.666,2.4262
8.3213,2.3598,99.5544,2.1932,93.2033,2.2847,104.0336,2.5954,87.0873,2.2777,93.025,2.3518
13.6423,2.3808,64.2392,2.4266,90.8683,2.2895,87.4431,2.5768,106.6892,2.2505,90.8225,2.2951
11.3552,3.2264,67.634,2.3162,90.1002,2.4,90.1228,2.7549,143.2492,2.2686,92.7409,3.6622
11.0687,2.4904,51.4872,2.4146,101.2491,2.8602,99.6724,5.6155,118.5284,2.3242,93.7005,2.1733
116.9127,4.7473,111.5176,2.2301,95.3283,2.4381,106.0093,2.3968,103.1856,2.2395,105.1962,2.5424
4.7246,2.3511,80.4203,2.2664,90.4683,2.2836,91.2754,2.2478,98.1616,2.4023,102.8513,4.0991
94.5913,2.2172,90.9297,2.3268,98.3781,2.4584,90.6144,2.4583,93.1058,2.2926,94.4237,2.4615
4.0577,2.3137,8.0837,2.4108,88.5995,2.1684,87.4828,2.2627,92.969,2.1564,94.2806,2.3143
11.3035,2.2911,8.3461,2.2144,83.9562,2.2065,92.9003,2.2161,89.7277,2.2875,88.2712,2.2194
5.7196,2.3034,55.5192,2.3318,72.624,2.1692,100.1428,2.1316,100.4765,2.1886,101.8295,4.1244
99.0638,2.9452,88.5455,2.2391,99.8061,2.3282,89.5245,2.3964,94.7644,2.5301,101.855,2.4328
93.0201,2.2278,93.2211,2.2227,102.0021,3.2405,106.5129,2.3259,100.7879,2.9028,97.7641,2.8167
8.2282,2.2391,52.1281,2.1695,87.4893,2.4427,93.951,2.3105,89.5103,2.1926,94.0622,2.3532
5.1731,2.4528,10.1049,2.439,35.5165,2.2086,97.0387,2.1778,95.9321,2.2969,98.6847,2.2961
108.1325,2.7039,93.8088,2.314,92.4496,2.3174,92.9539,2.299,119.5164,2.2278,89.5423,2.3211
16.7728,2.337,64.5776,2.3048,94.2723,2.2611,88.3164,2.3881,88.556,2.3158,86.0787,2.5605
64.92,2.3703,97.9104,2.2617,89.0337,2.3547,88.4269,2.6063,109.7385,2.2864,105.6687,2.2808
6.6182,2.1936,91.6384,2.2112,97.3947,2.5561,98.0662,3.878,109.1112,2.6332,122.0906,2.4935
4.6793,2.271,13.4801,2.2877,99.6549,2.2648,96.5665,2.2445,98.3899,2.5593,92.649,2.3095
8.7162,2.5761,91.2193,2.3086,113.3089,2.2188,90.4001,2.214,94.9407,2.2284,90.7506,2.3003
82.0945,2.2068,88.5179,2.3067,89.466,2.3094,91.1583,2.774,109.6267,2.5207,90.733,2.3289
4.1574,2.394,83.886,2.1551,91.0132,2.3297,98.0421,2.3778,103.7176,2.2742,101.339,2.3001
84.1103,2.2925,100.5115,2.7081,90.8198,2.2254,90.2171,2.2386,88.9546,2.3915,88.306,2.2028
4.1073,2.1073,6.7456,2.1832,62.3029,2.4604,94.3141,2.3521,89.1946,2.3012,88.2194,2.3169
5.9199,2.3137,48.0927,2.2575,79.137,2.4286,100.8267,2.4316,116.4048,2.6577,111.1473,2.8175
8.5146,2.4279,110.6195,2.9779,98.2143,2.3312,121.2198,4.2449,191.5363,4.3567,205.7374,5.2639
16.0964,4.8049,187.7309,4.7629,178.1878,4.3995,192.8542,4.5347,195.7098,4.4745,211.0035,4.3687
180.2715,4.5518,194.6174,4.4717,196.3666,4.3436,209.0105,4.3956,188.7563,5.9132,208.6169,4.2942
11.1696,5.1218,111.6311,4.7036,226.933,4.3733,222.5526,4.3581,218.0181,4.4484,180.8147,4.8763
95.5861,2.4888,87.179,2.3222,107.0386,2.1892,89.2803,2.3104,89.2337,2.5208,88.3326,2.2524
4.0393,2.3745,5.208,2.3816,6.8352,2.1027,18.4202,2.8172,31.4687,2.529,48.8797,2.4365
91.4231,2.3954,88.3601,2.3143,108.395,6.7549,122.4055,2.3956,100.1237,2.3492,98.8001,2.3555
58.3635,2.2498,100.5341,2.3241,110.1829,2.2979,94.2314,2.3507,92.4496,3.4055,89.8139,2.3337
5.2563,2.7176,34.115,2.7207,58.4645,2.4369,88.3851,2.2062,92.2814,2.3649,86.6954,2.2141
4.3788,2.2777,6.3184,2.0391,13.0385,2.1419,82.7801,2.2893,88.68,2.3177,92.6879,2.4447
24.3482,2.2915,127.8885,2.3348,103.359,2.6086,102.1686,2.3236,115.0692,2.691,104.7825,2.3343
6.5007,2.3101,43.6688,2.4521,62.3775,2.9029,99.0869,2.3116,91.5159,2.0641,92.2683,2.0517
74.2155,2.6167,95.2148,2.2352,93.0779,2.2121,95.247,2.2537,98.1252,3.1884,111.2746,2.446
4.8371,2.9358,52.5136,2.3478,77.0537,2.4023,92.4866,2.2665,91.4892,2.4189,88.6469,2.2432
69.0935,2.6383,90.7196,2.3284,98.5384,2.4903,92.9778,2.4233,92.11,2.4728,103.5365,2.2928
4.9763,2.3091,19.2635,2.34,89.36,2.2086,103.6549,2.3176,91.3243,2.3744,90.8581,2.2609
5.1462,2.4277,91.8489,2.3804,86.7883,2.7996,92.203,2.2857,92.8307,2.4642,90.5569,2.2235
5.4352,2.3163,113.4295,2.7383,145.7568,4.0325,114.6891,2.3185,107.3524,3.3804,98.9469,2.2405
4.8999,2.4468,26.0396,2.1799,59.9288,2.3501,73.3106,2.4016,83.7517,2.3718,97.045,2.3186
4.3341,2.3246,8.7732,2.2824,95.8819,2.3834,93.074,2.3704,93.4187,2.336,109.9799,7.0109
93.4915,2.185,93.6207,3.0405,104.4484,2.4733,108.3925,2.3303,108.3425,2.8292,111.9259,2.3673
4.4519,3.2085,9.4186,2.3179,87.9222,2.1935,91.039,2.2438,102.4167,2.1514,89.9565,2.2864
104.0355,2.4835,100.7878,4.0462,99.6373,2.2959,106.2561,2.3968,106.349,2.2776,96.0114,2.1556
51.8739,2.3622,91.5691,2.2643,94.341,2.5362,94.4022,2.4032,88.9034,2.2781,94.3788,2.2296
5.3396,2.3847,88.0643,2.4285,90.4399,2.3497,99.8261,2.3192,87.9931,2.4031,92.304,2.565
5.2544,2.1874,57.3543,2.4026,136.0342,2.328,98.5072,2.2502,112.1752,2.4163,94.8438,2.416
78.5794,2.3875,87.9888,2.4877,92.9991,2.3727,90.4732,2.3707,89.0828,2.4869,98.3879,2.5559
6.9819,2.4121,96.7895,2.3948,100.0578,2.3406,101.1713,2.3576,87.7366,2.341,95.7,2.263
5.6122,2.2336,67.451,2.2388,71.9461,2.4745,94.7916,2.8823,105.142,2.3313,108.2873,4.2869
55.9836,4.8769,191.1298,4.598,227.9521,5.8904,247.6155,10.1847,205.4393,4.5056,197.0543,5.5218
13.1474,4.4037,150.4774,6.6941,218.8749,4.2717,271.5559,4.6014,235.1908,4.4727,201.7921,4.2089
194.3477,4.466,192.9453,4.4102,188.3569,4.3736,187.1896,4.467,200.0247,4.3305,192.206,4.3958
99.3492,2.1452,96.1358,2.0862,94.3518,2.2031,98.563,2.2158,100.5305,2.487,107.1537,2.4044
3.9714,2.1343,7.0324,2.6239,33.7201,2.5281,50.6666,4.0277,96.6509,2.9268,81.911,2.3115
5.4935,2.6774,46.0488,2.3691,52.1607,2.4034,86.6029,2.3676,90.4322,2.4464,89.7821,2.4571
4.82,2.3084,19.8539,2.7943,88.118,2.3277,89.9678,2.3221,89.7324,2.3277,90.3869,2.1858
6.3799,2.3137,60.324,2.3582,87.1813,2.3709,100.9702,2.2448,86.9893,2.2746,89.4647,2.3657
89.9926,2.3127,102.4367,3.1682,95.4399,3.4086,92.0869,2.3247,90.9013,2.4441,90.1145,2.333
7.7193,3.1575,97.7844,2.6081,95.2507,2.3099,107.1917,2.3132,94.8337,2.4546,107.9847,2.4734
4.6306,2.2284,7.3476,2.1451,85.8607,2.3676,86.7275,2.3655,95.6444,2.3667,86.444,2.2019
100.8332,2.1582,98.5006,2.5502,98.6907,2.3919,99.3809,2.1868,94.1686,2.4025,96.5913,2.7489
4.7699,2.3865,8.2758,2.2382,39.773,2.3672,65.2891,2.3978,81.8284,2.3667,84.099,2.6343
90.7094,2.6438,90.7869,2.3289,104.8279,2.5555,88.9758,2.4149,87.3737,2.4613,89.3822,2.5532
4.683,2.2921,10.8509,2.3255,40.9121,2.2954,49.6783,2.2601,54.8059,2.3858,74.6513,2.3158
94.539,2.5172,90.4842,2.3128,92.8899,2.3025,92.9076,2.376,91.5534,2.3284,88.4257,3.1902
7.3939,2.8465,105.3392,3.0828,122.6933,2.2875,105.8312,2.3339,101.8644,2.4299,95.9186,2.5261
21.2688,2.3616,68.0917,2.4024,114.2175,3.6439,98.2698,3.9057,101.6276,2.4071,93.5901,2.3113
90.6358,2.433,101.7289,2.3259,89.0154,2.3249,88.8343,2.3148,94.2361,2.3427,90.32,2.3087
90.6189,2.1854,92.9367,2.3117,88.9252,2.3057,86.1596,2.3166,85.4056,2.2518,87.8744,2.3525
76.5069,3.0652,104.6331,2.1582,95.716,2.135,116.2914,2.3489,103.8005,2.2605,107.9529,2.5283
4.5029,2.3194,7.8759,2.3149,40.7102,3.0074,44.3704,2.4034,91.4544,2.3746,86.1191,2.2998
52.376,2.3525,206.4306,4.4747,198.1056,4.3046,201.3285,4.7217,197.071,4.3172,204.0266,4.391
169.4333,4.6592,227.2534,4.7102,206.9402,4.505,203.6181,4.5677,220.276,4.4952,198.4378,4.3976
12.8398,4.4626,126.521,5.1804,190.1456,4.6557,215.5441,4.9781,199.1166,3.6297,201.8332,4.7424
194.7592,5.7177,194.8758,4.536,193.3252,4.5006,182.2691,4.2748,186.1485,4.725,194.9829,4.4596
9.6353,5.217,18.1678,4.397,122.77,4.8461,61.6762,2.4497,89.6602,2.3184,88.1291,3.4572
24.281,2.1767,89.4364,2.2351,90.4053,2.3336,89.3396,2.333,91.2783,2.4596,104.1996,2.3916
5.1873,2.3141,52.0293,2.966,66.5207,2.1546,89.251,2.3315,89.7596,2.3744,86.4894,2.3332
6.1801,2.5356,88.1927,2.3299,91.9314,2.3691,87.1216,2.2493,87.0697,2.3369,88.1813,2.314
8.6392,2.4531,71.9017,2.5181,83.2097,2.2827,90.6589,2.3241,91.4386,2.3369,87.6417,2.3214
5.6224,2.4149,50.9158,2.4182,54.5451,2.399,100.9476,2.2556,88.3744,2.3093,93.1336,2.3059
79.9383,2.3125,119.8253,2.2862,99.0071,3.0358,102.9421,2.5225,98.6099,2.1052,102.9172,2.1816
4.6509,4.1888,11.1589,2.4022,99.6029,2.1635,92.9239,2.217,95.6878,2.1654,104.889,2.3925
12.1514,2.3282,83.6751,2.4001,91.7795,2.2779,96.2247,2.3166,91.4525,2.3418,90.2668,2.3334
5.9402,2.4198,25.6929,2.1946,89.1123,2.348,99.1624,2.3248,88.9507,2.3386,88.4005,2.2597
5.1978,2.359,95.4463,3.1399,92.8875,2.5617,91.616,2.283,88.5498,2.3171,87.8672,2.1954
88.4524,2.4601,87.2769,2.3222,88.1257,2.3609,86.4202,2.4319,92.6479,2.3546,89.5944,2.4287
4.3261,2.3198,10.1642,2.1108,49.865,2.3251,57.5942,2.3369,70.3956,2.1905,82.7678,2.679
58.7778,2.3725,90.3776,2.59,93.2848,2.326,95.8907,2.7756,90.2784,2.2753,91.6856,3.3945
50.3961,2.3895,100.1316,2.3045,87.4633,3.2129,89.034,2.2632,87.9267,2.8838,98.8677,2.3683
48.3946,2.3708,90.3341,2.3423,89.4576,2.3499,90.928,2.5003,90.2588,2.4579,89.9318,2.3114
4.0753,2.458,7.0546,2.0893,14.456,2.1769,20.142,2.2888,52.8645,2.3072,65.961,2.3422
39.6281,3.2387,47.7101,2.3632,78.2601,2.389,88.4443,2.3193,89.2621,2.6714,88.1044,2.3808
38.7115,2.2929,70.0995,2.3675,89.023,2.2592,92.8335,2.478,99.5133,2.3196,161.8292,4.2157
188.4687,4.3709,183.2161,4.7536,240.909,4.2562,193.1116,4.5003,189.9415,4.4258,187.625,4.4473
203.7594,5.7875,187.3674,4.3945,186.1429,4.5117,187.2909,4.4821,193.9421,4.4682,192.5175,4.4944
9.1906,4.6986,25.7528,4.1991,70.7683,4.3296,113.2019,4.3833,140.1675,4.2881,160.9089,4.4868
92.1408,2.3172,94.9461,2.4209,89.3456,2.231,89.6421,2.3096,89.6965,2.3819,102.8054,2.2255
4.5462,3.2074,9.995,2.2023,58.431,2.1667,74.7719,2.3317,78.3147,2.4166,85.218,2.5372
89.4212,2.3938,91.4188,2.5347,93.5501,2.4008,92.1602,2.3081,88.8343,2.4185,88.3444,2.2285
71.5917,2.4525,89.3764,2.3071,93.0724,2.9382,91.0976,2.1708,89.9739,2.2195,89.8199,2.3532
5.2411,2.2801,83.8427,2.4383,92.897,2.2409,89.2875,2.316,91.7492,2.4047,88.8613,2.313
90.641,2.4705,92.6228,2.1924,119.1723,3.3575,107.7787,2.2691,93.684,2.1949,95.3343,2.2987
30.7282,2.2223,79.8365,2.2373,88.5794,2.2518,88.6386,2.3417,91.9556,2.345,85.4697,2.3072
5.2559,2.6882,50.6146,2.4078,87.1088,2.2342,86.0535,2.2493,95.0714,2.154,94.1177,2.2714
6.3912,2.1911,49.6011,2.2541,63.0467,2.4484,99.9826,2.4321,102.9292,2.2086,99.8995,2.3534
94.1036,2.2759,89.5926,2.3119,91.8834,2.3656,89.0338,2.2235,91.8313,2.979,103.8343,2.3161
58.8704,2.3582,91.1661,2.341,93.7877,2.1967,92.1465,2.2415,104.4578,2.418,91.2826,2.3912
7.5797,2.3278,62.2523,2.3992,93.7861,2.4434,88.5662,2.3297,102.1283,2.3221,90.0476,2.3286
9.5859,2.2636,88.8206,2.3111,93.6518,2.3326,88.1047,2.3786,88.9275,2.3984,97.832,2.4374
7.1983,2.4177,87.2574,2.3587,87.902,2.3044,88.4182,2.2369,88.0511,2.3477,89.895,2.3208
15.6444,2.4579,73.9362,2.4558,101.1929,2.2331,90.4073,2.3158,95.8876,2.3613,88.1186,2.2882
4.1863,2.3115,10.5939,2.1877,61.2017,2.3602,65.5266,2.4742,86.7658,2.328,96.5852,2.4036
6.0904,2.2726,34.5695,3.1379,99.3734,2.2893,86.5458,2.3213,150.6044,4.3801,186.0056,4.37
193.2564,4.1943,187.9736,4.2848,191.9002,4.317,207.5224,4.5864,225.8225,4.4002,210.9326,4.0894
414.8799,6.5039,499.3506,10.9681,264.8602,4.4012,409.8055,3.0462,225.0681,4.4044,190.2102,4.7115
10.4904,5.4614,29.6939,4.5677,188.4087,4.7688,129.4156,2.8249,87.3262,2.1933,88.814,2.4911
4.1507,2.4328,10.3172,2.1735,28.7111,2.365,61.8224,2.3161,76.7275,2.2524,87.376,2.1643
5.5538,2.2962,51.7502,2.2605,108.9595,2.342,111.4981,2.2522,115.2675,2.2599,139.3264,2.5389
105.6144,2.4827,144.9598,2.3643,152.2217,5.601,128.8408,2.3925,122.0411,4.347,111.066,2.5888
15.9106,6.8942,122.5911,2.4582,116.3315,2.4397,110.6661,2.3701,119.104,3.2076,147.2976,4.4246
34.2899,2.5127,171.7436,3.9,162.5046,5.6212,158.2333,2.5988,145.5636,2.3935,131.8493,2.6062
7.3948,2.9931,69.404,2.3109,110.5281,4.2434,95.7779,2.2133,95.6631,2.2676,88.5406,2.3134
7.4522,2.3081,73.139,2.466,116.9405,2.2347,95.5918,2.7456,86.5151,2.3234,107.3029,2.5038
5.2282,2.2575,33.1815,2.2901,98.5354,2.5403,95.7367,2.1508,108.313,4.5479,105.9835,2.3114
5.3777,3.0759,56.5898,2.375,70.1149,2.2372,93.7795,2.3893,90.3946,2.5185,106.1602,6.8756
36.5762,2.8724,131.6622,3.6312,105.2494,2.1222,93.9034,2.1263,107.3583,2.3568,99.4562,2.9199
4.564,2.218,42.9813,2.5574,67.9947,2.4136,100.4411,2.3323,111.1737,2.3178,101.125,2.2643
7.9147,2.0882,54.7898,2.4314,96.5693,2.3027,96.8742,2.3,93.7654,2.3113,89.2844,2.5507
6.8385,2.3122,107.4728,2.3539,95.7302,3.9272,106.9796,2.3788,92.7265,2.0391,104.947,2.7336
129.0159,6.0141,116.977,2.3542,120.0928,2.2437,124.9873,2.6656,159.6387,2.4935,151.6233,5.1875
164.0887,5.9486,153.4195,2.3954,137.4661,2.2696,99.4821,2.6308,122.9496,2.8255,167.1691,3.2659
4.6368,6.3968,32.178,11.6133,100.1048,11.0322,101.9669,2.4196,117.8118,5.3387,127.3237,3.612
83.7429,2.4342,118.3074,3.5976,134.1086,2.8859,127.3286,2.4894,117.8566,3.2481,121.9988,2.3047
265.3279,4.3838,289.3318,6.175,272.5422,4.2893,301.4751,7.1072,266.8121,5.3093,262.5207,8.5005
12.2497,8.3741,47.7051,6.4046,276.1813,5.338,294.8805,5.7362,283.0962,9.3884,282.414,8.2507
266.921,6.4759,238.1308,2.9025,187.2959,2.5471,193.2587,2.7155,221.6081,3.0248,182.5561,8.4875
6.0312,2.8354,26.7204,2.7899,125.5521,5.8276,209.7751,9.3998,196.1861,3.0444,218.719,5.276
7.5024,8.7618,32.7169,6.8326,109.0825,8.363,200.5141,5.1206,219.6991,5.8031,216.124,26.6985
11.1702,2.8834,179.6735,5.6996,168.0888,2.6987,153.7962,2.7793,174.413,8.5252,187.1769,5.2417
70.4481,3.0808,161.9017,9.6219,151.915,8.0923,163.2014,4.7861,169.3793,3.5159,185.3735,5.7851
13.0285,5.0695,67.2156,2.6805,150.835,7.2639,174.5367,3.2875,146.5672,3.6692,153.5661,2.7376
7.0886,12.5934,194.7577,2.8515,182.0908,5.3121,174.1049,2.6001,199.5532,3.227,204.7994,3.646
9.561,6.2447,126.5983,6.4568,161.9939,6.6067,188.32,4.7042,170.7186,8.2503,166.5532,12.0345
159.6279,3.557,168.6846,3.2286,169.4442,2.9128,182.3218,6.111,190.8784,6.5151,158.6004,9.0614
5.3954,8.5885,16.198,3.5127,189.799,3.1857,181.9182,5.3785,168.2889,4.6398,172.854,6.9566
164.752,3.3292,172.1118,2.7243,166.8368,2.9576,183.2833,3.3187,177.6708,7.4516,167.2471,5.0293
192.0597,6.8156,189.2772,2.6607,220.8382,2.9165,184.4437,3.3609,207.2684,5.7071,184.0961,4.9006
12.8671,6.0693,11.0763,5.4683,191.2316,7.455,205.0804,3.0639,168.4273,5.66,257.7651,8.4275
13.1855,8.7083,63.6614,6.645,160.0946,5.974,191.585,2.8178,196.6608,6.6927,222.3012,8.5657
174.3287,16.9588,188.8091,5.452,192.4727,3.0034,201.6422,4.8177,177.4041,8.5828,206.3561,5.2431
25.6414,3.2622,148.7545,3.5485,183.7809,6.7472,164.0106,7.0357,189.6199,5.6259,159.5801,5.7812
11.8951,2.9663,183.6921,2.8233,179.2323,6.477,175.6554,3.2195,213.9067,5.2151,192.4226,3.0005
17.5168,3.4274,141.8987,3.4608,178.4339,6.0198,182.4399,5.5104,182.6526,4.974,191.0912,4.9309
4.9718,2.7553,16.6462,3.6627,188.0377,2.993,248.0175,5.9667,199.1711,5.5655,223.9801,3.4237
152.8876,7.125,200.7639,19.5021,183.5704,2.6396,223.8025,3.216,259.1846,2.9898,253.2818,18.9928
22.563,5.0154,240.4173,2.6737,210.4436,4.6721,191.6865,19.9453,215.5845,3.0334,201.1449,7.0629
242.3066,2.9794,204.6208,3.8367,215.1283,2.8306,180.4952,7.171,173.0965,3.4244,218.2339,2.9237
38.7377,5.6766,184.7621,3.8823,233.8849,3.4881,174.1711,3.2061,214.4848,11.4433,189.2241,3.048
166.955,6.1878,208.7305,3.4928,249.097,8.8465,190.5443,2.8773,215.9661,2.7558,207.6139,5.182
8.6182,2.9787,201.1547,3.3431,202.4609,5.223,187.3226,3.0086,190.1894,5.0872,185.4061,4.5114
105.1177,2.7806,106.3883,2.3822,100.6359,2.1688,98.3304,2.2702,104.0703,2.2269,96.8357,2.4227
19.2831,3.7706,128.9764,2.4667,105.2815,2.528,105.2475,2.302,120.8533,2.8284,103.33,3.705
51.845,3.2439,113.7865,2.651,94.5354,2.4044,90.4096,2.3964,88.7868,2.4274,88.3348,2.4135
79.7036,2.6782,93.1551,2.5155,91.5452,2.255,88.1142,2.3702,91.9189,2.3251,87.756,2.299
79.2424,2.2765,86.8684,2.3254,90.0039,2.3882,91.9284,2.378,89.9597,2.3431,90.2929,2.3033
5.0338,2.5094,92.347,2.3103,89.9969,2.3165,87.4313,2.2925,95.0965,2.5482,91.704,2.3161
5.2899,2.2031,51.4181,2.5476,88.5033,2.3426,96.6948,2.2662,103.3189,2.3359,90.795,2.2414
5.4164,2.3284,15.6446,2.2033,66.8642,2.3767,79.5139,2.5197,96.9249,2.3128,94.7498,2.3414
92.9689,2.0825,89.1182,2.2263,107.4737,4.5416,198.1603,4.3906,193.2157,4.434,190.6511,4.5136
228.4419,4.5419,221.1491,4.5125,203.811,4.2818,197.2137,4.2525,214.846,4.6831,194.1227,4.919
12.5734,4.2554,151.8301,4.2173,191.0663,4.2588,204.5869,4.8316,197.7051,4.4772,206.6737,4.7364
8.5601,4.3933,19.4033,5.1211,125.7555,4.4291,202.3713,4.5658,186.8184,2.5157,105.3879,2.2653
90.6561,2.1648,87.1959,2.2073,87.5638,2.4177,96.0107,2.4665,90.9921,2.2897,90.9128,2.3236
4.5638,2.3113,12.0833,2.2479,98.4176,2.4022,87.9755,2.3254,88.8448,2.37,87.7499,2.2011
6.0964,2.7125,52.2477,2.3874,108.9528,2.6779,88.8772,2.2258,89.119,2.5198,87.512,2.1329
4.7477,2.1165,11.5869,2.2553,57.4668,2.7505,86.9038,2.3512,88.2805,2.373,87.494,2.313
95.841,2.353,88.9836,2.3283,87.9663,2.3884,89.2513,2.1697,91.7708,2.4172,91.8905,4.1385
4.5238,2.3756,8.0248,2.2083,107.8352,2.9252,114.6118,2.2919,103.9297,2.3173,96.0368,2.161
76.635,2.3956,88.8818,2.4905,89.0816,2.4163,88.6519,2.5857,90.2606,2.1615,88.4021,2.2107
8.0864,5.0336,95.0319,2.3516,86.9751,2.3123,94.4789,2.371,94.4724,2.3128,90.8575,2.5102
5.0863,2.3665,9.8208,2.4307,88.5605,2.6142,60.4048,2.4405,65.2206,2.3299,67.7268,2.4064
91.5589,2.5196,90.389,2.3277,101.8826,2.3191,99.3266,2.3411,88.9762,2.1882,90.5567,2.2848
89.5808,2.328,89.6118,2.442,89.5294,2.3467,93.5746,2.5759,94.5772,3.0319,94.9584,2.628
90.2602,2.4434,89.8578,2.2494,89.9644,2.3893,95.0472,2.7354,88.1668,2.3549,93.5923,2.2511
8.1782,2.577,50.1488,2.3661,66.4998,2.3717,88.4636,2.3109,88.2649,2.0771,88.1948,2.3628
62.7421,2.4623,79.6655,2.3991,90.5675,2.3409,88.5223,2.3294,88.1078,2.3226,99.9169,2.3887
6.4058,2.3365,61.5863,2.3568,88.363,2.3693,98.4578,2.3575,178.0356,4.3639,189.6365,4.4173
170.065,4.4673,186.1716,4.4363,194.5871,4.9427,185.0332,5.2299,196.1807,2.6931,184.2876,4.1932
208.9578,4.5103,193.9035,4.4141,191.719,4.425,196.4036,4.5328,207.1924,4.5001,216.8966,4.1453
107.122,4.7941,153.7505,4.3532,189.9137,4.4449,206.9166,4.4381,211.231,3.1989,180.9305,4.3562
8.5358,4.5528,15.0848,4.4335,30.8167,4.663,171.3801,3.054,90.1756,2.3474,97.4923,2.3655
86.6373,2.4366,89.4751,2.6032,89.0573,2.1398,96.9642,2.2145,87.6367,2.3138,87.145,2.4062
4.196,2.7338,8.0646,2.1994,88.7258,2.331,106.4735,2.3596,88.5906,2.3092,87.9695,2.2633
83.021,5.2118,174.7668,9.9398,139.4196,5.1933,121.9822,2.6993,137.1929,4.882,190.189,4.4248
5.2255,2.3441,61.9245,2.2954,95.8758,3.4439,106.8338,2.4132,89.6073,2.1674,87.4329,2.3146
6.1821,2.3915,91.8247,2.5539,112.4288,2.2165,102.523,2.2971,91.7648,2.2899,92.6262,2.3313
6.4103,2.4017,84.9163,3.5138,97.9011,2.3159,98.0482,2.3539,87.6847,2.3034,90.0479,2.2681
4.1887,2.6342,8.3246,2.4186,69.2668,2.456,98.4803,2.3762,88.5557,2.3125,102.6986,2.2123
6.68,2.3461,121.7354,2.7355,117.6584,2.4166,110.3254,2.3454,97.0391,2.2901,117.2511,2.5663
7.4473,3.1731,54.9636,2.328,103.7857,2.4835,94.8302,2.3663,106.4786,2.2852,95.8347,2.3086
114.2346,2.3623,147.1283,2.3707,96.3963,2.374,91.0004,2.4234,90.0307,2.3602,91.0653,2.4373
94.5507,2.7256,128.4435,4.3242,140.6358,5.3951,138.3543,3.1455,115.9883,2.3426,122.5544,2.3166
4.0005,2.2893,7.0876,2.6008,79.5222,2.4319,89.2159,2.4752,93.2089,2.35,89.8492,2.3069
62.96,2.3938,96.2274,2.1104,99.015,2.3483,115.9895,3.7135,145.3024,2.9645,119.6566,2.4122
112.3722,2.609,99.6305,2.3081,96.1736,2.3602,108.1618,8.0285,135.2841,2.4958,116.2098,2.1919
9.699,3.8494,95.3733,2.3535,93.1033,2.5007,91.7496,2.5377,90.5987,3.0541,90.9449,2.2425
88.6741,2.3904,91.4491,2.2743,90.9033,2.0924,100.8867,2.5864,90.3104,2.4777,87.3296,2.2339
4.5126,2.1676,13.6748,2.2461,55.6333,2.2599,102.8548,2.4856,91.6814,2.2159,94.6731,2.2018
4.2645,2.6466,8.5796,2.3821,37.5659,2.3121,43.0779,2.6441,84.9458,2.7803,95.175,4.9888
7.3174,4.648,77.6239,3.338,90.8253,2.6581,103.2857,3.9324,100.846,2.3826,97.0441,2.3395
72.874,2.4554,90.3219,2.3334,92.1757,2.4381,93.7481,2.4274,93.6457,2.4554,90.9519,2.3371
5.3315,2.4674,60.9299,3.1019,66.8237,2.4232,91.3029,2.1655,87.514,2.2918,109.8968,4.0238
6.5992,6.0363,22.6193,4.1831,47.2909,2.8297,44.1391,2.4558,112.3206,2.3497,112.4774,2.3448
5.6008,3.3048,14.2645,7.113,61.1356,2.5622,81.1826,2.3074,90.0098,2.1591,104.3329,2.5374
89.686,2.3416,89.1743,2.2645,87.4003,2.2657,88.6344,2.3123,88.0956,2.3344,87.5494,2.2512
9.7846,2.4184,70.7863,2.3219,90.8047,2.2881,89.3184,2.3557,100.8425,2.3212,89.8156,2.3145
192.6921,4.7897,218.8306,4.4809,189.8647,4.2163,219.9699,4.4547,196.964,4.527,207.1129,4.3704
203.9849,4.4341,209.9313,4.4369,200.926,4.4545,221.9181,4.4147,246.5167,5.5083,265.4454,6.2874
16.397,4.4951,193.0384,4.4086,180.6042,4.5034,190.123,4.4223,189.5733,4.5173,201.5381,4.435
10.6332,4.5458,37.0261,4.3397,208.3138,4.3107,225.1986,4.5347,214.2615,4.4958,187.3186,4.3892
15.9136,4.2819,111.129,4.2989,193.4554,4.4026,137.9355,2.1593,90.2162,2.1166,95.6163,2.4231
87.8632,2.4189,86.741,2.2619,90.4281,2.3407,87.2376,2.3114,87.7898,2.3247,88.1159,2.3118
89.5415,2.3496,87.8673,2.3115,87.5385,2.3985,89.9428,3.7468,113.4989,2.157,99.2041,2.3878
13.207,2.2361,92.8123,2.369,89.7978,2.3057,94.4983,2.2979,96.2309,2.3286,92.083,2.3065
88.3261,2.3281,98.1038,2.2731,86.8175,2.2844,96.4134,2.3257,101.4635,2.2608,95.3619,2.1618
35.1098,2.5701,54.9662,2.3813,95.3913,3.5808,95.6551,2.2614,92.7201,2.4666,94.9637,2.399
183.8794,4.9959,129.3652,4.2863,101.9936,2.0902,104.8757,2.3528,104.3224,2.3383,93.2924,2.2264
5.0443,2.2138,56.4764,2.923,104.374,2.87,113.8181,2.6352,90.9503,2.3165,90.8593,2.314
68.903,2.42,89.8833,2.4169,99.3831,3.8675,103.01,2.3033,92.0299,2.3251,91.7303,2.3189
5.7458,2.2974,19.6272,2.3504,79.189,2.3814,87.4638,2.3878,98.145,2.361,89.9649,2.2865
80.7932,2.4568,97.6988,2.2678,90.3597,2.1845,112.2214,2.4164,102.7912,2.2956,96.3774,2.4042
88.3694,3.408,101.4737,2.5952,100.6143,2.3033,109.5712,2.8235,108.9298,2.7343,122.2572,4.6278
4.6056,2.2739,15.8459,2.3354,100.5129,2.6291,93.6484,2.2174,93.6058,2.139,93.856,2.3696
6.1658,2.3546,52.6504,2.3646,89.3579,2.2632,85.3284,2.3082,92.7522,2.2257,93.0515,2.9373
4.0162,2.3209,7.112,2.1665,43.1011,2.4202,73.4515,2.4651,90.9101,2.3598,102.5229,2.3582
109.7137,2.248,93.8031,2.2976,96.9263,2.456,108.8392,3.2553,101.3026,2.5152,101.2872,2.3144
3.5987,2.5544,4.343,2.6451,5.7692,3.0829,7.8173,2.428,13.8294,2.3052,95.7867,2.096
4.5544,2.4237,10.1618,2.5246,48.3243,2.3816,132.6362,2.2483,111.4787,2.3156,101.5511,2.2247
5.3473,2.1653,53.0914,3.0178,65.1919,2.3265,63.6579,2.6181,77.8494,3.3209,96.8086,3.4116
63.7931,2.492,100.4725,2.4034,110.6353,2.3098,105.2325,2.2707,96.1222,2.2774,100.1724,2.4373
4.1749,2.2793,9.2473,2.7627,42.5362,2.2883,41.8482,3.4622,97.9754,2.242,103.2052,2.2781
4.4739,2.6522,10.558,2.2877,101.6709,2.4126,154.0111,7.394,170.8112,3.0426,214.1915,8.4172
6.851,2.1414,67.8467,2.5578,93.1876,2.2965,105.3844,2.1743,92.7035,2.2682,90.4563,2.315
3.3422,2.384,6.0555,2.2878,12.7697,2.2541,83.4745,2.2786,91.1419,2.3312,92.1607,2.3235
8.6024,2.3367,89.1494,2.2997,91.1304,2.4883,88.0875,2.2596,91.3368,2.4945,92.6363,2.3316
7.8984,2.4197,91.1246,2.3083,91.9679,2.1616,91.0607,3.0288,91.7292,2.1669,96.3056,2.3343
3.5739,2.1637,4.8523,2.4348,8.463,2.2445,102.8682,2.6608,116.2823,2.7278,142.6901,5.4676
24.2115,4.7861,168.5871,4.4518,195.5755,4.4343,191.8036,4.2203,197.0628,4.5095,230.0186,9.3643
209.8759,4.182,210.2442,4.25,202.9808,5.6604,223.0031,4.3317,137.2832,2.6427,104.5911,2.1924
129.209,5.0553,155.174,6.9475,176.4384,8.4672,162.7386,5.0264,162.8979,3.044,139.1292,5.3491
72.1382,2.3992,128.3203,2.3838,118.3353,2.5335,110.4925,2.3608,111.9021,2.3033,120.2584,5.9359
5.3871,2.3847,17.9136,4.5053,117.8922,2.3972,116.1538,2.4299,118.5431,4.4435,124.8334,2.3995
7.929,3.1973,56.5862,2.2181,94.9997,2.3865,131.2567,2.22,111.7719,2.3774,112.6459,2.356
129.4543,2.4048,119.8037,2.3706,136.3792,3.5027,123.1628,2.4574,128.0139,2.409,119.221,6.6567
12.0527,2.4841,128.9951,2.8988,133.5541,2.6435,117.2905,2.4725,149.059,2.5143,134.4704,4.719
103.9359,6.5723,109.417,4.7362,103.0436,2.3033,105.3921,4.7471,106.8045,2.3009,108.631,2.3286
63.814,2.3202,102.0774,2.2168,104.646,3.1167,107.527,2.6178,106.9729,2.1562,110.8947,2.3842
6.8364,2.2983,50.4955,6.0101,119.9382,2.2805,104.0111,3.1311,109.0314,2.3731,128.807,2.307
4.2352,2.1615,7.6431,3.3134,7.5438,6.452,17.8702,2.7459,71.532,5.2725,89.2014,2.3529
6.9008,2.3464,53.7028,2.4348,116.431,2.8975,103.3838,2.2126,102.5466,2.364,113.3181,2.1574
109.4757,2.3942,124.5568,2.2814,107.7142,4.0714,105.4948,2.3695,137.9743,4.361,113.99,3.2403
5.8687,2.4482,5.2746,2.1222,11.8686,2.4698,75.9528,2.4206,93.122,2.5299,93.6713,4.6744
5.859,2.3209,100.6159,2.2723,101.9965,5.4328,102.9723,2.3363,101.1984,2.292,104.2515,3.0861
80.8144,2.2943,104.7467,4.9255,109.1829,2.1887,105.8876,2.3118,123.7838,3.8221,115.9719,3.1902
5.4923,2.6823,104.8588,4.283,112.3299,2.3428,103.1115,2.3624,104.2452,4.5698,117.8211,2.2716
103.859,2.9254,105.2913,2.6517,103.6831,4.4153,110.8517,4.0332,120.917,2.3564,105.1058,6.2738
111.6088,2.5395,114.3921,2.7924,117.9656,2.5028,137.8801,6.37,124.7547,2.4154,135.9194,3.5787
13.9936,2.5061,125.6497,5.9612,131.8517,2.4838,111.6425,2.2918,118.4637,2.3203,110.2327,2.623
14.128,2.3293,111.1169,2.2051,99.7411,2.2492,97.3447,2.2792,101.1648,2.2447,89.0829,2.3697
8.9174,2.574,96.4035,2.546,94.81,2.6703,90.4942,2.1912,98.3051,2.2272,101.8408,2.1005
101.0771,2.2771,107.4346,2.6883,101.5736,2.1836,102.8509,2.279,86.8704,2.4931,87.9493,2.2449
61.4164,2.2348,95.9986,2.3518,92.8106,2.4031,91.2118,2.2855,106.6434,4.4486,191.5303,4.335
134.7397,4.5906,217.7442,5.2129,244.6314,5.1633,223.0665,5.6425,226.1122,4.4498,227.7511,5.3592
8.5204,5.9972,25.2914,4.3527,209.3003,4.4948,221.6904,4.8031,213.4083,5.1053,251.3937,4.6292
24.5111,4.5896,212.7571,4.4703,206.3863,4.9609,205.0164,7.0424,213.087,4.4218,203.18,4.2514
250.2024,4.3904,211.3961,4.4844,189.1526,4.4004,214.7368,5.5893,240.967,4.3074,187.4862,2.3503
92.331,2.3774,88.1819,2.3032,99.0554,2.3261,100.5583,2.3355,107.4324,2.1958,90.1288,2.3928
4.561,2.8097,7.4312,2.1816,46.0362,2.2044,87.217,2.3765,87.3651,2.34,90.7015,2.1349
4.3618,2.2709,8.2105,2.1332,51.9134,2.2852,60.3583,2.4218,88.9286,2.2797,88.339,2.2804
5.6073,2.3917,87.8848,2.3149,88.2652,2.7882,101.2472,2.3425,87.7564,2.3321,97.217,2.2172
12.1557,2.2296,71.9654,2.3196,89.2099,2.3081,87.305,2.4882,89.1416,2.3031,90.5916,2.3693
91.6353,2.3312,102.0567,2.7095,104.059,2.3764,99.2344,2.2756,113.112,2.2438,96.3294,2.4234
55.7873,2.4404,87.6268,2.3358,87.5205,2.0761,97.9788,2.3286,86.8894,2.3349,92.0381,2.496
5.9592,2.1238,60.7556,2.5107,102.0525,2.1996,94.925,2.4516,90.89,2.3642,86.9339,2.4409
4.4381,2.4125,5.847,2.4224,10.4718,2.3579,63.8768,2.0904,90.9029,2.319,89.9901,2.3876
157.0138,2.5506,119.068,2.2683,108.8952,2.4223,110.6894,2.2187,97.3736,2.2349,89.3785,2.2326
11.7424,2.3562,85.4767,2.6283,95.7316,2.3546,97.793,2.2788,102.1238,2.7752,89.0812,2.4117
4.6602,2.4605,72.6563,2.2051,92.3552,2.1802,104.9424,2.3176,116.7455,2.4266,97.4608,2.1085
106.0828,2.1094,90.6153,2.3238,91.2076,2.3595,103.0273,2.3079,92.8898,2.2815,95.7193,2.3001
5.9292,2.2525,53.373,2.5283,64.8239,2.5137,93.5357,3.2085,99.4022,2.3239,100.6235,2.181
7.9814,2.5136,40.747,2.362,88.7783,2.3431,89.412,2.1544,88.8927,2.2906,102.6098,2.3905
88.4534,2.2313,90.4799,2.4564,88.5368,2.3597,90.9606,2.3962,98.4737,2.8289,107.368,2.5194
3.9997,2.3687,7.8384,2.2884,40.1091,2.5285,52.4672,2.4421,82.4855,2.4224,85.729,2.3497
7.0628,2.2705,47.8544,2.2343,98.6647,2.4024,94.6061,2.587,90.5088,2.5733,97.4802,2.7583
59.1244,2.5831,112.7463,2.2614,128.2217,2.416,102.8119,2.3282,110.9081,2.3244,107.1086,2.2558
6.0996,2.4855,85.3929,4.3502,123.0091,2.3594,92.6805,2.3351,91.1322,4.806,115.0344,2.4685
6.1229,2.277,97.9386,2.2751,99.9726,2.229,104.9525,3.0594,99.7595,2.3141,98.6856,2.2917
8.6715,4.4342,92.8698,2.2279,96.1271,2.3058,98.9327,2.5253,86.3391,2.3319,87.1929,2.2695
47.7882,2.331,103.0976,6.173,104.2404,2.353,89.7872,2.4971,94.6581,2.3203,105.2131,2.4776
89.9022,2.7751,94.1947,2.3008,98.0033,2.3477,98.653,2.7003,87.8469,2.3218,101.4986,2.3221
8.4862,2.4333,66.2171,2.4091,88.4548,2.4994,90.4374,2.7727,96.9151,2.7328,89.8322,2.3125
7.4767,2.5202,98.4169,2.2882,100.5645,2.7782,93.5246,2.3204,97.1472,2.6409,95.9092,2.1795
96.7287,2.4143,92.0433,2.4937,89.2598,2.3559,88.3268,5.7363,90.2526,2.3324,90.1427,2.3023
4.0697,2.2962,6.0109,2.9739,10.2475,2.6723,20.3254,2.2277,68.6029,2.289,92.6578,2.3057
70.5714,2.1942,105.8472,2.2777,95.4538,2.2822,89.9016,2.2304,93.9303,2.3988,93.4646,2.4156
4.069,2.8161,8.5391,2.3339,108.2978,2.2224,89.7849,2.2652,96.9949,2.2959,97.8559,2.2719
8.0394,2.3568,92.3272,2.3118,99.3935,2.1072,90.2356,2.496,95.3179,2.4536,92.2573,2.4004
110.5981,2.403,92.8559,2.4547,94.1429,2.3296,103.1038,2.3367,94.5064,2.1637,102.4866,2.2709
195.4741,5.3832,198.2526,5.091,189.8296,4.4161,197.8885,5.0594,194.1591,4.6174,194.4404,4.3113
10.9034,4.2253,60.435,4.459,206.5667,5.8284,221.7958,4.4294,200.4894,4.2413,198.447,4.348
3.8184,2.3157,7.8245,2.8582,63.7908,2.7119,90.9555,2.2243,118.4426,4.8213,118.2042,2.2827
75.7037,2.3415,99.8699,2.2245,100.0882,3.1104,94.2801,2.1263,102.3626,2.7154,132.6315,6.0655
11.8641,4.0465,108.009,2.2674,118.6591,4.2632,108.7131,2.3226,114.6479,2.3342,106.9977,2.3679
111.466,2.3103,106.8629,4.5339,108.5514,2.3091,133.8077,6.6569,108.9459,5.6154,123.9676,2.5786
4.917,6.9438,23.6534,3.5393,148.3116,9.5772,150.3127,2.9738,92.241,2.6267,95.1652,5.9114
111.2791,2.5195,101.4626,2.3116,98.6294,2.3654,99.9389,2.1133,93.0603,2.2364,91.1153,2.3981
99.6763,2.2583,93.6586,2.3333,90.2765,2.1932,91.6718,2.3179,88.7721,3.1483,89.2957,2.3499
7.9414,2.265,86.0816,2.2808,87.5853,2.4557,88.6366,2.249,102.1267,2.6374,89.9737,2.3461
6.5418,2.3291,90.307,2.3799,88.3568,2.3044,91.3306,2.2604,89.8516,2.2486,112.9032,2.6505
76.8042,2.5322,94.285,2.5987,97.2329,2.3187,94.7447,2.611,89.1054,2.2694,108.0426,2.7105
4.8532,2.3517,91.0664,2.2343,89.2008,2.7671,89.6759,2.1611,99.2152,2.3214,89.7949,2.4408
3.982,2.3903,7.3299,2.2643,75.0354,2.3177,90.9193,2.1703,90.2823,2.3111,91.7309,2.3936
5.1768,2.3996,49.6318,2.3992,101.3735,2.3506,91.1299,2.2153,87.3135,2.3331,89.519,2.3253
100.5623,2.3672,91.3053,2.4094,92.4711,2.4636,91.5487,2.2936,93.9026,3.1587,99.1456,2.2766
5.2913,2.315,12.7929,2.2648,87.4455,2.4409,89.7799,2.3136,89.4607,2.2941,91.4413,2.4193
8.4772,5.1857,15.2034,4.2107,24.8362,4.4203,144.2605,4.4483,215.5449,4.4508,190.7813,4.4347
38.2785,12.2961,290.6413,4.2909,228.5109,4.9828,205.9123,4.5596,199.8798,4.5705,223.9564,4.248
9.327,8.6536,33.4805,7.839,263.2841,4.2322,214.6938,6.0348,193.4701,7.2749,200.4492,6.3452
14.4687,4.4537,161.0802,4.393,193.1073,4.3828,209.3327,4.2206,209.1354,4.4979,231.0964,4.2006
8.6531,4.5698,30.3824,3.7143,202.9162,4.3996,198.9715,4.4209,204.0273,5.0633,193.826,4.4837
15.8707,5.4683,202.5504,4.4023,190.4105,4.3929,193.8497,2.7754,92.6143,2.4026,89.4937,2.4247
3.7618,2.3548,6.3041,2.8948,10.6138,5.1723,24.0069,2.4951,46.2721,2.7989,95.9153,2.331
11.7845,2.3911,73.9593,2.2633,94.1095,2.4486,89.5002,2.299,98.8312,2.5852,96.8631,2.498
92.2437,2.4233,100.9191,2.3185,102.4658,2.3525,90.363,2.8877,104.4575,2.3274,92.7123,2.4281
7.2472,2.3605,98.9629,2.4049,95.3438,2.3593,91.8319,2.4017,92.7616,2.4169,90.9784,3.3447
3.9761,2.3282,7.7817,2.2862,89.6819,2.3533,96.7723,2.3608,92.338,2.2509,105.9109,2.3549
5.8145,2.6448,49.1477,2.3054,90.9925,2.1777,101.497,2.8026,100.5582,2.2509,102.3331,2.6578
106.7473,2.3167,99.7104,2.1596,102.9462,2.2787,91.155,2.2618,99.4838,2.5879,90.6355,2.4735
94.1388,2.4433,100.2293,2.103,92.914,2.2728,101.9902,2.4623,102.4322,2.2748,96.4808,2.3382
4.64,2.6223,36.2834,2.1576,59.3972,2.2207,65.416,4.1531,78.0933,2.3442,88.615,2.222
91.225,2.2888,93.9885,2.4721,90.2507,2.2587,90.2031,2.3159,89.2571,2.377,91.9338,2.4065
9.8721,2.8502,43.6541,2.3678,48.3485,2.3898,87.9808,2.5016,88.7247,2.4925,95.2251,2.3034
88.1745,2.5572,102.547,2.3045,87.4143,2.4728,91.2011,2.3312,88.9298,2.3389,91.3398,2.3954
10.6662,3.6986,92.682,2.3551,110.667,2.2277,95.4513,2.3691,93.2216,2.1459,94.286,2.4592
4.3412,2.3884,8.156,2.2584,34.0015,2.5458,52.6188,2.2303,91.5021,2.1286,102.8139,2.2763
90.7973,2.3271,87.5566,2.4339,89.4148,3.0512,88.8853,2.3626,88.4923,2.2876,102.2405,2.3224
89.6923,2.5371,96.2705,2.2888,89.7924,2.3354,89.5789,2.9175,90.5121,2.3444,96.1844,2.2948
71.0958,2.3092,92.7412,2.2477,100.2943,2.2337,90.8173,2.2058,91.8833,2.4187,91.4778,2.1781
3.512,2.3018,6.0556,2.3382,8.691,2.4434,71.8136,2.2721,76.2281,2.4972,80.8892,2.3125
82.1889,2.4917,93.8693,2.2949,94.6138,2.3845,89.0805,2.3295,90.7019,2.3339,90.8965,2.241
45.1486,2.4126,94.678,2.3473,92.0616,2.8293,91.895,2.3726,92.4696,2.0325,89.0786,2.3471
65.7234,2.207,90.2011,2.4837,107.0834,2.3842,89.3068,2.3093,90.3857,2.1938,93.8479,2.3613
5.5893,2.3103,74.033,2.3726,90.2385,2.3357,88.2457,2.2311,90.9033,2.3692,91.897,2.3103
5.0531,2.3174,50.3986,2.4647,80.6183,2.3708,87.4705,2.3891,89.1988,2.3322,86.5478,2.299
101.0486,2.3027,94.4964,2.3825,90.7174,2.3697,95.7419,2.3281,91.9065,2.3961,91.0607,2.382
4.8739,2.3987,23.9118,2.2204,67.7123,2.3916,83.6012,2.2247,89.8278,2.1669,88.6207,2.3288
193.9055,5.0748,190.0706,4.3981,191.3364,4.4709,209.1447,4.355,190.215,4.4606,187.4944,4.3702
191.0894,4.1419,186.3742,4.3998,226.9412,4.3984,190.8626,4.2583,192.4402,4.226,192.6195,4.274
155.9359,4.5309,222.4417,5.0108,230.0134,4.4439,221.2785,4.88,234.4022,4.6816,194.6516,4.4142
43.7507,2.4246,66.8582,2.5148,88.3815,2.3451,93.855,3.1884,88.8822,2.3403,87.8794,2.5186
4.4265,2.3589,8.8909,2.1473,75.7274,2.2786,100.3043,2.3137,89.7399,2.3,88.8425,2.3329
4.6824,2.3041,32.8039,3.148,88.999,2.3003,87.6552,2.6452,87.164,2.3732,90.5753,2.5612
5.5101,2.2503,8.8289,2.1018,12.7611,2.2871,16.6388,2.6477,90.1001,2.4764,87.9501,2.4035
3.928,2.2912,4.6422,2.1302,6.0085,2.4227,6.6573,2.5316,7.9237,2.2148,10.0225,2.7257
91.7289,2.2069,99.1437,2.4282,89.5564,2.0977,98.9748,2.3088,91.3187,2.3132,88.8654,2.8025
92.3349,2.4919,91.9652,2.3154,89.3152,2.6656,98.2904,2.3076,94.4261,2.3722,95.2862,2.4747
43.9413,2.3401,96.9965,2.1297,100.1782,2.8307,89.5075,2.3364,90.3371,2.3332,99.698,2.3045
54.3119,2.3717,89.946,2.2975,95.7379,2.2801,92.412,2.1448,96.3775,2.2207,102.4657,2.1455
5.5433,2.3141,53.0723,2.4412,87.6,2.3961,100.0192,2.3423,101.3886,2.1312,90.3112,2.2823
6.937,2.3102,114.7755,2.5071,115.7929,2.1994,96.1472,3.8619,98.6263,2.2919,104.8965,2.4564
11.7757,2.4189,86.7055,2.5375,91.8694,2.578,101.9958,2.1484,132.7343,2.2959,89.1762,2.6897
195.3659,4.4611,232.34,4.3492,220.0982,4.8204,227.2155,6.5645,248.0786,4.4965,219.1824,4.873
229.8967,5.7606,235.4031,4.4216,242.7309,4.2219,204.0518,4.446,241.8911,4.8661,241.8841,4.4309
13.7487,4.1412,131.4892,5.0861,312.4594,6.9932,224.9838,4.6655,207.8334,4.5697,208.7922,4.537
13.4216,4.6282,89.9673,4.2811,194.115,4.4412,202.2545,4.992,209.3244,6.4419,225.4533,5.3747
369.4671,4.7999,164.2495,3.9337,147.5252,3.5589,141.6156,4.359,133.3374,3.1112,139.8724,3.6944
7.0547,3.3842,17.3294,3.5197,126.4608,3.1849,131.3418,3.4262,132.1033,4.5415,144.7262,3.4177
131.8447,2.7686,140.3119,3.0381,134.0061,3.0877,141.568,3.1445,135.8118,2.8294,134.7286,3.169
8.3059,2.9968,86.5643,2.8994,115.1511,5.2704,135.1428,3.1247,141.7063,2.9607,131.0916,3.0558
91.1129,2.9054,128.4325,3.0828,137.3794,3.1708,129.294,3.0866,131.7075,3.9426,126.426,3.063
137.4862,3.1656,135.7843,3.2241,128.2521,3.3788,147.0433,4.0283,145.311,3.0691,126.2739,2.887
18.9521,3.6552,131.9453,3.0702,139.1601,3.3038,138.6359,3.073,145.0876,3.0719,130.7088,3.0451
131.4095,3.2402,150.2252,3.1142,122.842,2.9729,128.7483,3.0315,135.6382,2.9976,122.75,3.0875
8.2908,2.9134,19.8684,3.1732,132.9656,3.6811,135.8024,2.902,132.1517,2.9237,157.5092,3.0808
114.2098,3.4276,126.0204,3.15,123.0364,2.8933,123.2157,2.919,124.6321,3.1016,124.4835,3.1298
6.6759,3.0558,47114.387,10.5794,255.3997,3.0599,125.6811,3.0802,128.1122,3.1407,125.1973,2.9723
130.8278,2.956,131.9014,2.9621,131.805,2.9836,136.4912,3.0392,147.8861,3.2731,130.3793,3.4317
129.449,3.0616,128.0966,2.9267,153.9363,3.0158,148.5607,2.9926,128.2449,3.1004,129.3355,3.3625
7.0331,3.8264,113.9893,2.9111,122.774,2.9598,124.3856,2.9474,125.1766,3.0602,146.6408,3.1149
